--
-- PostgreSQL database dump
--

\restrict WkIGktKnegDbITmXKDTCuxynQRC4b3vabSnvJzORCbPnPzYgWHBSmiq9Yhv6pZM

-- Dumped from database version 14.21 (Homebrew)
-- Dumped by pg_dump version 14.21 (Homebrew)

SET statement_timeout = 0;
SET lock_timeout = 0;
SET idle_in_transaction_session_timeout = 0;
SET client_encoding = 'UTF8';
SET standard_conforming_strings = on;
SELECT pg_catalog.set_config('search_path', '', false);
SET check_function_bodies = false;
SET xmloption = content;
SET client_min_messages = warning;
SET row_security = off;

SET default_tablespace = '';

SET default_table_access_method = heap;

--
-- Name: alerts; Type: TABLE; Schema: public; Owner: suthikshaaghoram
--

CREATE TABLE public.alerts (
    id integer NOT NULL,
    destination character varying(255),
    message text,
    severity character varying(50),
    created_at timestamp without time zone DEFAULT CURRENT_TIMESTAMP
);


ALTER TABLE public.alerts OWNER TO suthikshaaghoram;

--
-- Name: alerts_id_seq; Type: SEQUENCE; Schema: public; Owner: suthikshaaghoram
--

CREATE SEQUENCE public.alerts_id_seq
    AS integer
    START WITH 1
    INCREMENT BY 1
    NO MINVALUE
    NO MAXVALUE
    CACHE 1;


ALTER TABLE public.alerts_id_seq OWNER TO suthikshaaghoram;

--
-- Name: alerts_id_seq; Type: SEQUENCE OWNED BY; Schema: public; Owner: suthikshaaghoram
--

ALTER SEQUENCE public.alerts_id_seq OWNED BY public.alerts.id;


--
-- Name: crowd_data; Type: TABLE; Schema: public; Owner: suthikshaaghoram
--

CREATE TABLE public.crowd_data (
    id integer NOT NULL,
    destination character varying(255),
    place_name character varying(255),
    time_slot character varying(50),
    visitor_count integer DEFAULT 0,
    date date,
    created_at timestamp without time zone DEFAULT CURRENT_TIMESTAMP,
    place_id character varying(255)
);


ALTER TABLE public.crowd_data OWNER TO suthikshaaghoram;

--
-- Name: crowd_data_id_seq; Type: SEQUENCE; Schema: public; Owner: suthikshaaghoram
--

CREATE SEQUENCE public.crowd_data_id_seq
    AS integer
    START WITH 1
    INCREMENT BY 1
    NO MINVALUE
    NO MAXVALUE
    CACHE 1;


ALTER TABLE public.crowd_data_id_seq OWNER TO suthikshaaghoram;

--
-- Name: crowd_data_id_seq; Type: SEQUENCE OWNED BY; Schema: public; Owner: suthikshaaghoram
--

ALTER SEQUENCE public.crowd_data_id_seq OWNED BY public.crowd_data.id;


--
-- Name: destination_places; Type: TABLE; Schema: public; Owner: suthikshaaghoram
--

CREATE TABLE public.destination_places (
    id integer NOT NULL,
    city character varying(255) NOT NULL,
    place_name character varying(255) NOT NULL,
    latitude numeric(10,8),
    longitude numeric(11,8),
    category character varying(100),
    address text,
    created_at timestamp without time zone DEFAULT CURRENT_TIMESTAMP
);


ALTER TABLE public.destination_places OWNER TO suthikshaaghoram;

--
-- Name: destination_places_id_seq; Type: SEQUENCE; Schema: public; Owner: suthikshaaghoram
--

CREATE SEQUENCE public.destination_places_id_seq
    AS integer
    START WITH 1
    INCREMENT BY 1
    NO MINVALUE
    NO MAXVALUE
    CACHE 1;


ALTER TABLE public.destination_places_id_seq OWNER TO suthikshaaghoram;

--
-- Name: destination_places_id_seq; Type: SEQUENCE OWNED BY; Schema: public; Owner: suthikshaaghoram
--

ALTER SEQUENCE public.destination_places_id_seq OWNED BY public.destination_places.id;


--
-- Name: place_crowd_slots; Type: TABLE; Schema: public; Owner: suthikshaaghoram
--

CREATE TABLE public.place_crowd_slots (
    id integer NOT NULL,
    destination text NOT NULL,
    place_name text NOT NULL,
    visit_date date NOT NULL,
    time_slot text,
    visitor_count integer DEFAULT 0,
    CONSTRAINT place_crowd_slots_time_slot_check CHECK ((time_slot = ANY (ARRAY['morning'::text, 'noon'::text, 'evening'::text])))
);


ALTER TABLE public.place_crowd_slots OWNER TO suthikshaaghoram;

--
-- Name: place_crowd_slots_id_seq; Type: SEQUENCE; Schema: public; Owner: suthikshaaghoram
--

CREATE SEQUENCE public.place_crowd_slots_id_seq
    AS integer
    START WITH 1
    INCREMENT BY 1
    NO MINVALUE
    NO MAXVALUE
    CACHE 1;


ALTER TABLE public.place_crowd_slots_id_seq OWNER TO suthikshaaghoram;

--
-- Name: place_crowd_slots_id_seq; Type: SEQUENCE OWNED BY; Schema: public; Owner: suthikshaaghoram
--

ALTER SEQUENCE public.place_crowd_slots_id_seq OWNED BY public.place_crowd_slots.id;


--
-- Name: resources; Type: TABLE; Schema: public; Owner: suthikshaaghoram
--

CREATE TABLE public.resources (
    id integer NOT NULL,
    provider_id integer,
    business_name character varying(255) NOT NULL,
    category character varying(100) NOT NULL,
    location character varying(255) NOT NULL,
    contact character varying(100) NOT NULL,
    description text,
    availability boolean DEFAULT true,
    emergency_service boolean DEFAULT false,
    created_at timestamp without time zone DEFAULT CURRENT_TIMESTAMP
);


ALTER TABLE public.resources OWNER TO suthikshaaghoram;

--
-- Name: resources_id_seq; Type: SEQUENCE; Schema: public; Owner: suthikshaaghoram
--

CREATE SEQUENCE public.resources_id_seq
    AS integer
    START WITH 1
    INCREMENT BY 1
    NO MINVALUE
    NO MAXVALUE
    CACHE 1;


ALTER TABLE public.resources_id_seq OWNER TO suthikshaaghoram;

--
-- Name: resources_id_seq; Type: SEQUENCE OWNED BY; Schema: public; Owner: suthikshaaghoram
--

ALTER SEQUENCE public.resources_id_seq OWNED BY public.resources.id;


--
-- Name: trips; Type: TABLE; Schema: public; Owner: suthikshaaghoram
--

CREATE TABLE public.trips (
    id integer NOT NULL,
    user_id integer,
    origin character varying(255) NOT NULL,
    destination character varying(255) NOT NULL,
    travel_date character varying(255) NOT NULL,
    return_date character varying(255),
    transport_mode character varying(100) NOT NULL,
    travellers_count integer NOT NULL,
    created_at timestamp without time zone DEFAULT CURRENT_TIMESTAMP
);


ALTER TABLE public.trips OWNER TO suthikshaaghoram;

--
-- Name: trips_id_seq; Type: SEQUENCE; Schema: public; Owner: suthikshaaghoram
--

CREATE SEQUENCE public.trips_id_seq
    AS integer
    START WITH 1
    INCREMENT BY 1
    NO MINVALUE
    NO MAXVALUE
    CACHE 1;


ALTER TABLE public.trips_id_seq OWNER TO suthikshaaghoram;

--
-- Name: trips_id_seq; Type: SEQUENCE OWNED BY; Schema: public; Owner: suthikshaaghoram
--

ALTER SEQUENCE public.trips_id_seq OWNED BY public.trips.id;


--
-- Name: users; Type: TABLE; Schema: public; Owner: suthikshaaghoram
--

CREATE TABLE public.users (
    id integer NOT NULL,
    name character varying(255) NOT NULL,
    email character varying(255) NOT NULL,
    password character varying(255) NOT NULL,
    role character varying(50) NOT NULL,
    created_at timestamp without time zone DEFAULT CURRENT_TIMESTAMP,
    CONSTRAINT users_role_check CHECK (((role)::text = ANY ((ARRAY['traveler'::character varying, 'provider'::character varying, 'admin'::character varying])::text[])))
);


ALTER TABLE public.users OWNER TO suthikshaaghoram;

--
-- Name: users_id_seq; Type: SEQUENCE; Schema: public; Owner: suthikshaaghoram
--

CREATE SEQUENCE public.users_id_seq
    AS integer
    START WITH 1
    INCREMENT BY 1
    NO MINVALUE
    NO MAXVALUE
    CACHE 1;


ALTER TABLE public.users_id_seq OWNER TO suthikshaaghoram;

--
-- Name: users_id_seq; Type: SEQUENCE OWNED BY; Schema: public; Owner: suthikshaaghoram
--

ALTER SEQUENCE public.users_id_seq OWNED BY public.users.id;


--
-- Name: alerts id; Type: DEFAULT; Schema: public; Owner: suthikshaaghoram
--

ALTER TABLE ONLY public.alerts ALTER COLUMN id SET DEFAULT nextval('public.alerts_id_seq'::regclass);


--
-- Name: crowd_data id; Type: DEFAULT; Schema: public; Owner: suthikshaaghoram
--

ALTER TABLE ONLY public.crowd_data ALTER COLUMN id SET DEFAULT nextval('public.crowd_data_id_seq'::regclass);


--
-- Name: destination_places id; Type: DEFAULT; Schema: public; Owner: suthikshaaghoram
--

ALTER TABLE ONLY public.destination_places ALTER COLUMN id SET DEFAULT nextval('public.destination_places_id_seq'::regclass);


--
-- Name: place_crowd_slots id; Type: DEFAULT; Schema: public; Owner: suthikshaaghoram
--

ALTER TABLE ONLY public.place_crowd_slots ALTER COLUMN id SET DEFAULT nextval('public.place_crowd_slots_id_seq'::regclass);


--
-- Name: resources id; Type: DEFAULT; Schema: public; Owner: suthikshaaghoram
--

ALTER TABLE ONLY public.resources ALTER COLUMN id SET DEFAULT nextval('public.resources_id_seq'::regclass);


--
-- Name: trips id; Type: DEFAULT; Schema: public; Owner: suthikshaaghoram
--

ALTER TABLE ONLY public.trips ALTER COLUMN id SET DEFAULT nextval('public.trips_id_seq'::regclass);


--
-- Name: users id; Type: DEFAULT; Schema: public; Owner: suthikshaaghoram
--

ALTER TABLE ONLY public.users ALTER COLUMN id SET DEFAULT nextval('public.users_id_seq'::regclass);


--
-- Data for Name: alerts; Type: TABLE DATA; Schema: public; Owner: suthikshaaghoram
--

COPY public.alerts (id, destination, message, severity, created_at) FROM stdin;
1	Kodaikanal	Heavy Rain Expected	high	2026-02-18 18:28:32.205091
\.


--
-- Data for Name: crowd_data; Type: TABLE DATA; Schema: public; Owner: suthikshaaghoram
--

COPY public.crowd_data (id, destination, place_name, time_slot, visitor_count, date, created_at, place_id) FROM stdin;
1	\N	Kodai Lake	Morning	2	2026-02-18	2026-02-18 19:55:59.903486	kodai_3
4	Kodaikanal	Silver Cascade Falls	Morning	4	2026-02-20	2026-02-19 09:16:46.508618	kodai_5
5	Kodaikanal	Kodai Lake	Morning	4	2026-02-20	2026-02-19 09:16:46.511342	kodai_3
8	Kodaikanal	Kodai Lake	Afternoon	3	2026-03-18	2026-02-19 09:16:46.512993	kodai_3
10	Kodaikanal	Kodaikanal	Afternoon	2	2026-03-16	2026-02-19 09:16:46.515391	\N
11	Kodaikanal	Pillar Rocks	Afternoon	2	2026-03-16	2026-02-19 09:16:46.515953	kodai_4
12	Kodaikanal	Kodai Lake	Afternoon	2	2026-03-16	2026-02-19 09:16:46.516676	kodai_3
17	Kodaikanal	Kodaikanal	Afternoon	3	2026-03-20	2026-02-19 09:16:46.52057	\N
18	Kodaikanal	Silver Cascade Falls	Afternoon	3	2026-03-20	2026-02-19 09:16:46.520862	kodai_5
19	Kodaikanal	Pillar Rocks	Afternoon	3	2026-03-20	2026-02-19 09:16:46.521319	kodai_4
23	Kodaikanal	Pillar Rocks	Afternoon	2	2026-03-12	2026-02-19 09:16:46.524473	kodai_4
24	Kanyakumari	Kanyakumari	Morning	1	2026-02-21	2026-02-19 09:16:46.525325	\N
25	Madurai	Madurai	Afternoon	4	2026-03-08	2026-02-19 09:16:46.526108	\N
26	Kodaikanal	Kodaikanal	Evening	2	2026-03-18	2026-02-19 09:16:46.527036	\N
27	Kodaikanal	Bryant Park	Evening	2	2026-03-18	2026-02-19 09:16:46.527307	kodai_2
28	Kodaikanal	Guna Caves	Evening	2	2026-03-18	2026-02-19 09:16:46.527611	kodai_6
29	Coimbatore	Coimbatore	Afternoon	1	2026-03-15	2026-02-19 09:16:46.528539	\N
30	Kanyakumari	Kanyakumari	Morning	4	2026-03-17	2026-02-19 09:16:46.529548	\N
31	Kodaikanal	Kodaikanal	Afternoon	2	2026-03-15	2026-02-19 09:16:46.531029	\N
32	Kodaikanal	Guna Caves	Afternoon	2	2026-03-15	2026-02-19 09:16:46.531648	kodai_6
33	Kodaikanal	Coaker's Walk	Afternoon	2	2026-03-15	2026-02-19 09:16:46.532097	kodai_1
34	Kodaikanal	Bryant Park	Afternoon	2	2026-03-15	2026-02-19 09:16:46.532591	kodai_2
35	Kodaikanal	Kodaikanal	Afternoon	2	2026-03-09	2026-02-19 09:16:46.533993	\N
36	Kodaikanal	Coaker's Walk	Afternoon	2	2026-03-09	2026-02-19 09:16:46.534243	kodai_1
37	Kodaikanal	Guna Caves	Afternoon	2	2026-03-09	2026-02-19 09:16:46.534532	kodai_6
38	Kodaikanal	Silver Cascade Falls	Afternoon	2	2026-03-09	2026-02-19 09:16:46.534788	kodai_5
39	Kodaikanal	Kodaikanal	Morning	3	2026-03-14	2026-02-19 09:16:46.535502	\N
40	Kodaikanal	Guna Caves	Morning	3	2026-03-14	2026-02-19 09:16:46.535721	kodai_6
41	Kodaikanal	Coaker's Walk	Morning	3	2026-03-14	2026-02-19 09:16:46.535977	kodai_1
42	Chennai	Chennai	Evening	1	2026-03-02	2026-02-19 09:16:46.536677	\N
45	Kodaikanal	Bryant Park	Afternoon	4	2026-02-27	2026-02-19 09:16:46.538093	kodai_2
46	Chennai	Chennai	Afternoon	3	2026-03-09	2026-02-19 09:16:46.539144	\N
47	Kodaikanal	Kodaikanal	Afternoon	4	2026-02-19	2026-02-19 09:16:46.539934	\N
48	Kodaikanal	Pillar Rocks	Afternoon	4	2026-02-19	2026-02-19 09:16:46.540202	kodai_4
49	Kodaikanal	Kodai Lake	Afternoon	4	2026-02-19	2026-02-19 09:16:46.540496	kodai_3
50	Kodaikanal	Guna Caves	Afternoon	4	2026-02-19	2026-02-19 09:16:46.540788	kodai_6
51	Chennai	Chennai	Afternoon	4	2026-02-21	2026-02-19 09:16:46.541607	\N
52	Kanyakumari	Kanyakumari	Evening	1	2026-02-28	2026-02-19 09:16:46.542598	\N
56	Coimbatore	Coimbatore	Evening	4	2026-03-06	2026-02-19 09:16:46.545235	\N
60	Kodaikanal	Guna Caves	Evening	2	2026-03-02	2026-02-19 09:16:46.547265	kodai_6
61	Coimbatore	Coimbatore	Morning	1	2026-03-13	2026-02-19 09:16:46.548859	\N
62	Kodaikanal	Kodaikanal	Evening	2	2026-02-26	2026-02-19 09:16:46.550153	\N
63	Kodaikanal	Pillar Rocks	Evening	2	2026-02-26	2026-02-19 09:16:46.550528	kodai_4
64	Kodaikanal	Kodai Lake	Evening	2	2026-02-26	2026-02-19 09:16:46.550906	kodai_3
65	Kodaikanal	Kodaikanal	Morning	2	2026-03-06	2026-02-19 09:16:46.551863	\N
66	Kodaikanal	Bryant Park	Morning	2	2026-03-06	2026-02-19 09:16:46.552141	kodai_2
67	Kodaikanal	Kodai Lake	Morning	2	2026-03-06	2026-02-19 09:16:46.552459	kodai_3
68	Kodaikanal	Guna Caves	Morning	2	2026-03-06	2026-02-19 09:16:46.552862	kodai_6
69	Kodaikanal	Kodaikanal	Morning	2	2026-03-15	2026-02-19 09:16:46.55413	\N
70	Kodaikanal	Guna Caves	Morning	2	2026-03-15	2026-02-19 09:16:46.554488	kodai_6
71	Kodaikanal	Coaker's Walk	Morning	2	2026-03-15	2026-02-19 09:16:46.554811	kodai_1
72	Ooty	Ooty	Morning	4	2026-03-20	2026-02-19 09:16:46.555677	\N
7	Kodaikanal	Kodaikanal	Afternoon	4	2026-03-18	2026-02-19 09:16:46.512578	\N
73	Kodaikanal	Bryant Park	Afternoon	1	2026-03-18	2026-02-19 09:16:46.557897	kodai_2
9	Kodaikanal	Coaker's Walk	Afternoon	4	2026-03-18	2026-02-19 09:16:46.513584	kodai_1
75	Kodaikanal	Silver Cascade Falls	Afternoon	1	2026-03-18	2026-02-19 09:16:46.558417	kodai_5
76	Kodaikanal	Kodaikanal	Afternoon	4	2026-02-25	2026-02-19 09:16:46.559159	\N
77	Kodaikanal	Coaker's Walk	Afternoon	4	2026-02-25	2026-02-19 09:16:46.559382	kodai_1
78	Kodaikanal	Bryant Park	Afternoon	4	2026-02-25	2026-02-19 09:16:46.559636	kodai_2
79	Kodaikanal	Kodai Lake	Afternoon	4	2026-02-25	2026-02-19 09:16:46.559882	kodai_3
80	Munnar	Munnar	Morning	2	2026-03-03	2026-02-19 09:16:46.560573	\N
81	Kodaikanal	Kodaikanal	Morning	1	2026-02-28	2026-02-19 09:16:46.56148	\N
82	Kodaikanal	Silver Cascade Falls	Morning	1	2026-02-28	2026-02-19 09:16:46.561727	kodai_5
83	Kodaikanal	Coaker's Walk	Morning	1	2026-02-28	2026-02-19 09:16:46.562148	kodai_1
84	Kodaikanal	Bryant Park	Morning	1	2026-02-28	2026-02-19 09:16:46.562407	kodai_2
85	Kodaikanal	Kodaikanal	Morning	3	2026-03-05	2026-02-19 09:16:46.56324	\N
86	Kodaikanal	Guna Caves	Morning	3	2026-03-05	2026-02-19 09:16:46.563682	kodai_6
87	Kodaikanal	Silver Cascade Falls	Morning	3	2026-03-05	2026-02-19 09:16:46.564095	kodai_5
88	Kodaikanal	Pillar Rocks	Morning	3	2026-03-05	2026-02-19 09:16:46.564371	kodai_4
89	Kodaikanal	Kodaikanal	Afternoon	3	2026-03-01	2026-02-19 09:16:46.565368	\N
90	Kodaikanal	Pillar Rocks	Afternoon	3	2026-03-01	2026-02-19 09:16:46.566067	kodai_4
91	Kodaikanal	Guna Caves	Afternoon	3	2026-03-01	2026-02-19 09:16:46.566525	kodai_6
92	Kodaikanal	Kodai Lake	Afternoon	3	2026-03-01	2026-02-19 09:16:46.56696	kodai_3
22	Kodaikanal	Coaker's Walk	Afternoon	3	2026-03-12	2026-02-19 09:16:46.524163	kodai_1
21	Kodaikanal	Bryant Park	Afternoon	3	2026-03-12	2026-02-19 09:16:46.523795	kodai_2
57	Kodaikanal	Kodaikanal	Evening	6	2026-03-02	2026-02-19 09:16:46.546033	\N
58	Kodaikanal	Kodai Lake	Evening	4	2026-03-02	2026-02-19 09:16:46.546296	kodai_3
53	Kodaikanal	Kodaikanal	Afternoon	3	2026-03-04	2026-02-19 09:16:46.543565	\N
54	Kodaikanal	Coaker's Walk	Afternoon	3	2026-03-04	2026-02-19 09:16:46.54387	kodai_1
55	Kodaikanal	Bryant Park	Afternoon	3	2026-03-04	2026-02-19 09:16:46.54433	kodai_2
13	Kodaikanal	Kodaikanal	Morning	6	2026-02-23	2026-02-19 09:16:46.518244	\N
14	Kodaikanal	Coaker's Walk	Morning	6	2026-02-23	2026-02-19 09:16:46.518599	kodai_1
15	Kodaikanal	Bryant Park	Morning	6	2026-02-23	2026-02-19 09:16:46.519039	kodai_2
43	Kodaikanal	Kodaikanal	Afternoon	7	2026-02-27	2026-02-19 09:16:46.537323	\N
44	Kodaikanal	Kodai Lake	Afternoon	7	2026-02-27	2026-02-19 09:16:46.537595	kodai_3
93	Kodaikanal	Kodaikanal	Morning	6	2026-03-04	2026-02-19 09:16:46.568514	\N
59	Kodaikanal	Pillar Rocks	Evening	7	2026-03-02	2026-02-19 09:16:46.546709	kodai_4
16	Kodaikanal	Kodai Lake	Morning	6	2026-02-23	2026-02-19 09:16:46.519377	kodai_3
3	Kodaikanal	Kodaikanal	Morning	7	2026-02-20	2026-02-19 09:16:46.507497	\N
6	Kodaikanal	Bryant Park	Morning	7	2026-02-20	2026-02-19 09:16:46.511692	kodai_2
304	Mumbai	Mumbai	noon	4	2026-02-22	2026-02-19 13:16:21.950052	\N
94	Kodaikanal	Bryant Park	Morning	4	2026-03-04	2026-02-19 09:16:46.569551	kodai_2
95	Kodaikanal	Pillar Rocks	Morning	4	2026-03-04	2026-02-19 09:16:46.570443	kodai_4
96	Munnar	Munnar	Evening	1	2026-03-07	2026-02-19 09:16:46.571547	\N
101	Kodaikanal	Kodai Lake	Evening	4	2026-03-10	2026-02-19 09:16:46.574621	kodai_3
104	Kodaikanal	Coaker's Walk	Evening	4	2026-03-14	2026-02-19 09:16:46.57603	kodai_1
106	Chennai	Chennai	Evening	1	2026-03-12	2026-02-19 09:16:46.57717	\N
109	Kodaikanal	Guna Caves	Afternoon	3	2026-03-03	2026-02-19 09:16:46.57905	kodai_6
110	Kodaikanal	Pillar Rocks	Afternoon	3	2026-03-03	2026-02-19 09:16:46.579355	kodai_4
113	Kodaikanal	Silver Cascade Falls	Morning	4	2026-03-16	2026-02-19 09:16:46.58169	kodai_5
114	Kodaikanal	Kodaikanal	Evening	4	2026-03-11	2026-02-19 09:16:46.58336	\N
115	Kodaikanal	Guna Caves	Evening	4	2026-03-11	2026-02-19 09:16:46.58398	kodai_6
116	Kodaikanal	Silver Cascade Falls	Evening	4	2026-03-11	2026-02-19 09:16:46.584344	kodai_5
117	Munnar	Munnar	Afternoon	3	2026-03-03	2026-02-19 09:16:46.585241	\N
97	Kodaikanal	Kodaikanal	Morning	6	2026-02-19	2026-02-19 09:16:46.57297	\N
99	Kodaikanal	Coaker's Walk	Morning	6	2026-02-19	2026-02-19 09:16:46.573522	kodai_1
98	Kodaikanal	Bryant Park	Morning	6	2026-02-19	2026-02-19 09:16:46.57323	kodai_2
120	Kanyakumari	Kanyakumari	Afternoon	1	2026-03-03	2026-02-19 09:16:46.587837	\N
122	Kodaikanal	Silver Cascade Falls	Morning	3	2026-03-17	2026-02-19 09:16:46.589183	kodai_5
123	Kodaikanal	Pillar Rocks	Morning	3	2026-03-17	2026-02-19 09:16:46.589484	kodai_4
111	Kodaikanal	Kodaikanal	Morning	8	2026-03-16	2026-02-19 09:16:46.580695	\N
125	Kodaikanal	Coaker's Walk	Morning	4	2026-03-16	2026-02-19 09:16:46.590912	kodai_1
112	Kodaikanal	Bryant Park	Morning	8	2026-03-16	2026-02-19 09:16:46.581168	kodai_2
127	Kodaikanal	Kodai Lake	Morning	4	2026-03-16	2026-02-19 09:16:46.591839	kodai_3
128	Ooty	Ooty	Morning	2	2026-03-16	2026-02-19 09:16:46.592809	\N
129	Munnar	Munnar	Evening	3	2026-03-19	2026-02-19 09:16:46.593556	\N
130	Kodaikanal	Kodaikanal	Morning	3	2026-03-12	2026-02-19 09:16:46.594253	\N
131	Kodaikanal	Guna Caves	Morning	3	2026-03-12	2026-02-19 09:16:46.594507	kodai_6
132	Kodaikanal	Pillar Rocks	Morning	3	2026-03-12	2026-02-19 09:16:46.5948	kodai_4
133	Kodaikanal	Silver Cascade Falls	Morning	3	2026-03-12	2026-02-19 09:16:46.595057	kodai_5
134	Kodaikanal	Kodaikanal	Afternoon	2	2026-03-07	2026-02-19 09:16:46.595793	\N
135	Kodaikanal	Coaker's Walk	Afternoon	2	2026-03-07	2026-02-19 09:16:46.596045	kodai_1
136	Kodaikanal	Bryant Park	Afternoon	2	2026-03-07	2026-02-19 09:16:46.596558	kodai_2
137	Munnar	Munnar	Evening	4	2026-03-14	2026-02-19 09:16:46.597388	\N
138	Kodaikanal	Kodaikanal	Evening	2	2026-03-05	2026-02-19 09:16:46.598133	\N
139	Kodaikanal	Kodai Lake	Evening	2	2026-03-05	2026-02-19 09:16:46.598415	kodai_3
140	Kodaikanal	Guna Caves	Evening	2	2026-03-05	2026-02-19 09:16:46.59877	kodai_6
142	Kodaikanal	Pillar Rocks	Afternoon	2	2026-03-19	2026-02-19 09:16:46.600866	kodai_4
143	Kodaikanal	Kodai Lake	Afternoon	2	2026-03-19	2026-02-19 09:16:46.601169	kodai_3
145	Madurai	Madurai	Morning	2	2026-02-20	2026-02-19 09:16:46.60206	\N
146	Kanyakumari	Kanyakumari	Morning	5	2026-03-07	2026-02-19 09:16:46.602669	\N
103	Kodaikanal	Kodaikanal	Evening	6	2026-03-14	2026-02-19 09:16:46.575797	\N
147	Kodaikanal	Kodai Lake	Evening	2	2026-03-14	2026-02-19 09:16:46.605276	kodai_3
105	Kodaikanal	Bryant Park	Evening	6	2026-03-14	2026-02-19 09:16:46.576307	kodai_2
20	Kodaikanal	Kodaikanal	Afternoon	3	2026-03-12	2026-02-19 09:16:46.523483	\N
151	Kodaikanal	Silver Cascade Falls	Afternoon	1	2026-03-12	2026-02-19 09:16:46.609432	kodai_5
152	Kanyakumari	Kanyakumari	Evening	2	2026-03-05	2026-02-19 09:16:46.610576	\N
141	Kodaikanal	Kodaikanal	Afternoon	5	2026-03-19	2026-02-19 09:16:46.600509	\N
144	Kodaikanal	Bryant Park	Afternoon	5	2026-03-19	2026-02-19 09:16:46.601399	kodai_2
154	Kodaikanal	Coaker's Walk	Afternoon	3	2026-03-19	2026-02-19 09:16:46.612518	kodai_1
155	Kodaikanal	Kodaikanal	Morning	4	2026-02-26	2026-02-19 09:16:46.61358	\N
156	Kodaikanal	Coaker's Walk	Morning	4	2026-02-26	2026-02-19 09:16:46.614005	kodai_1
157	Kodaikanal	Bryant Park	Morning	4	2026-02-26	2026-02-19 09:16:46.614318	kodai_2
158	Munnar	Munnar	Evening	2	2026-02-27	2026-02-19 09:16:46.615124	\N
159	Kodaikanal	Kodaikanal	Afternoon	3	2026-02-26	2026-02-19 09:16:46.615907	\N
160	Kodaikanal	Guna Caves	Afternoon	3	2026-02-26	2026-02-19 09:16:46.616174	kodai_6
161	Kodaikanal	Coaker's Walk	Afternoon	3	2026-02-26	2026-02-19 09:16:46.61666	kodai_1
162	Chennai	Chennai	Morning	2	2026-03-03	2026-02-19 09:16:46.617453	\N
108	Kodaikanal	Kodaikanal	Afternoon	7	2026-03-03	2026-02-19 09:16:46.57879	\N
163	Kodaikanal	Coaker's Walk	Afternoon	4	2026-03-03	2026-02-19 09:16:46.618489	kodai_1
164	Kodaikanal	Bryant Park	Afternoon	4	2026-03-03	2026-02-19 09:16:46.618779	kodai_2
165	Kodaikanal	Kodai Lake	Afternoon	4	2026-03-03	2026-02-19 09:16:46.619177	kodai_3
166	Munnar	Munnar	Afternoon	3	2026-03-14	2026-02-19 09:16:46.620181	\N
167	Ooty	Ooty	Evening	4	2026-03-05	2026-02-19 09:16:46.620884	\N
168	Kodaikanal	Kodaikanal	Evening	3	2026-03-03	2026-02-19 09:16:46.621673	\N
169	Kodaikanal	Guna Caves	Evening	3	2026-03-03	2026-02-19 09:16:46.621936	kodai_6
170	Kodaikanal	Coaker's Walk	Evening	3	2026-03-03	2026-02-19 09:16:46.622211	kodai_1
171	Kodaikanal	Kodaikanal	Morning	3	2026-03-01	2026-02-19 09:16:46.62298	\N
172	Kodaikanal	Bryant Park	Morning	3	2026-03-01	2026-02-19 09:16:46.623218	kodai_2
173	Kodaikanal	Silver Cascade Falls	Morning	3	2026-03-01	2026-02-19 09:16:46.62348	kodai_5
174	Kodaikanal	Coaker's Walk	Morning	3	2026-03-01	2026-02-19 09:16:46.623722	kodai_1
175	Kodaikanal	Kodaikanal	Morning	1	2026-02-24	2026-02-19 09:16:46.624708	\N
176	Kodaikanal	Guna Caves	Morning	1	2026-02-24	2026-02-19 09:16:46.624966	kodai_6
177	Kodaikanal	Coaker's Walk	Morning	1	2026-02-24	2026-02-19 09:16:46.625246	kodai_1
100	Kodaikanal	Kodaikanal	Evening	6	2026-03-10	2026-02-19 09:16:46.574361	\N
178	Kodaikanal	Coaker's Walk	Evening	2	2026-03-10	2026-02-19 09:16:46.626413	kodai_1
179	Kodaikanal	Bryant Park	Evening	2	2026-03-10	2026-02-19 09:16:46.626719	kodai_2
102	Kodaikanal	Silver Cascade Falls	Evening	6	2026-03-10	2026-02-19 09:16:46.574907	kodai_5
181	Ooty	Ooty	Afternoon	2	2026-02-21	2026-02-19 09:16:46.627915	\N
182	Coimbatore	Coimbatore	Morning	4	2026-03-08	2026-02-19 09:16:46.628932	\N
183	Kanyakumari	Kanyakumari	Afternoon	1	2026-03-14	2026-02-19 09:16:46.630033	\N
184	Madurai	Madurai	Morning	3	2026-02-24	2026-02-19 09:16:46.6309	\N
185	Kodaikanal	Kodaikanal	Morning	1	2026-02-22	2026-02-19 09:16:46.631587	\N
186	Kodaikanal	Coaker's Walk	Morning	1	2026-02-22	2026-02-19 09:16:46.631813	kodai_1
187	Kodaikanal	Bryant Park	Morning	1	2026-02-22	2026-02-19 09:16:46.632057	kodai_2
188	Kodaikanal	Pillar Rocks	Morning	1	2026-02-22	2026-02-19 09:16:46.632288	kodai_4
189	Kodaikanal	Kodaikanal	Evening	4	2026-02-19	2026-02-19 09:16:46.633042	\N
190	Kodaikanal	Guna Caves	Evening	4	2026-02-19	2026-02-19 09:16:46.6333	kodai_6
191	Kodaikanal	Pillar Rocks	Evening	4	2026-02-19	2026-02-19 09:16:46.633528	kodai_4
192	Kodaikanal	Kodaikanal	Evening	1	2026-03-09	2026-02-19 09:16:46.634258	\N
124	Kodaikanal	Kodai Lake	Morning	5	2026-03-17	2026-02-19 09:16:46.589753	kodai_3
107	Kanyakumari	Kanyakumari	Afternoon	5	2026-02-24	2026-02-19 09:16:46.577989	\N
193	Kodaikanal	Pillar Rocks	Evening	1	2026-03-09	2026-02-19 09:16:46.63449	kodai_4
194	Kodaikanal	Silver Cascade Falls	Evening	1	2026-03-09	2026-02-19 09:16:46.634781	kodai_5
195	Kodaikanal	Guna Caves	Evening	1	2026-03-09	2026-02-19 09:16:46.635003	kodai_6
196	Kodaikanal	Silver Cascade Falls	Evening	4	2026-03-02	2026-02-19 09:16:46.636122	kodai_5
198	Kodaikanal	Coaker's Walk	Evening	4	2026-03-02	2026-02-19 09:16:46.636634	kodai_1
201	Kodaikanal	Kodai Lake	Afternoon	2	2026-03-04	2026-02-19 09:16:46.638017	kodai_3
121	Kodaikanal	Kodaikanal	Morning	5	2026-03-17	2026-02-19 09:16:46.588895	\N
203	Kodaikanal	Guna Caves	Morning	2	2026-03-17	2026-02-19 09:16:46.639222	kodai_6
206	Kodaikanal	Kodaikanal	Evening	3	2026-02-23	2026-02-19 09:16:46.641944	\N
207	Kodaikanal	Pillar Rocks	Evening	3	2026-02-23	2026-02-19 09:16:46.642195	kodai_4
208	Kodaikanal	Silver Cascade Falls	Evening	3	2026-02-23	2026-02-19 09:16:46.642477	kodai_5
209	Munnar	Munnar	Morning	1	2026-03-12	2026-02-19 09:16:46.643219	\N
210	Kodaikanal	Pillar Rocks	Afternoon	3	2026-02-27	2026-02-19 09:16:46.644192	kodai_4
213	Kodaikanal	Guna Caves	Evening	3	2026-03-16	2026-02-19 09:16:46.646189	kodai_6
214	Kodaikanal	Silver Cascade Falls	Evening	3	2026-03-16	2026-02-19 09:16:46.646497	kodai_5
216	Ooty	Ooty	Morning	3	2026-03-12	2026-02-19 09:16:46.64769	\N
212	Kodaikanal	Kodaikanal	Evening	7	2026-03-16	2026-02-19 09:16:46.645942	\N
215	Kodaikanal	Pillar Rocks	Evening	7	2026-03-16	2026-02-19 09:16:46.646925	kodai_4
218	Kodaikanal	Coaker's Walk	Evening	4	2026-03-16	2026-02-19 09:16:46.648975	kodai_1
221	Kodaikanal	Bryant Park	Evening	1	2026-03-02	2026-02-19 09:16:46.650491	kodai_2
222	Kodaikanal	Pillar Rocks	Morning	1	2026-02-23	2026-02-19 09:16:46.651458	kodai_4
224	Kodaikanal	Guna Caves	Morning	1	2026-02-23	2026-02-19 09:16:46.651956	kodai_6
225	Kodaikanal	Kodai Lake	Morning	2	2026-03-04	2026-02-19 09:16:46.652979	kodai_3
226	Kodaikanal	Silver Cascade Falls	Morning	2	2026-03-04	2026-02-19 09:16:46.65322	kodai_5
227	Kodaikanal	Guna Caves	Morning	2	2026-03-04	2026-02-19 09:16:46.653462	kodai_6
228	Kanyakumari	Kanyakumari	Afternoon	1	2026-03-04	2026-02-19 09:16:46.654183	\N
230	Kodaikanal	Pillar Rocks	Morning	3	2026-02-20	2026-02-19 09:16:46.655806	kodai_4
231	Kodaikanal	Kodaikanal	Afternoon	3	2026-02-22	2026-02-19 09:16:46.657139	\N
232	Kodaikanal	Guna Caves	Afternoon	3	2026-02-22	2026-02-19 09:16:46.657461	kodai_6
233	Kodaikanal	Silver Cascade Falls	Afternoon	3	2026-02-22	2026-02-19 09:16:46.65777	kodai_5
234	Kodaikanal	Pillar Rocks	Afternoon	3	2026-02-22	2026-02-19 09:16:46.658034	kodai_4
235	Kodaikanal	Kodaikanal	Evening	1	2026-02-25	2026-02-19 09:16:46.658801	\N
236	Kodaikanal	Kodai Lake	Evening	1	2026-02-25	2026-02-19 09:16:46.659043	kodai_3
237	Kodaikanal	Coaker's Walk	Evening	1	2026-02-25	2026-02-19 09:16:46.659328	kodai_1
238	Kodaikanal	Silver Cascade Falls	Evening	1	2026-02-25	2026-02-19 09:16:46.659592	kodai_5
239	Kodaikanal	Kodaikanal	Morning	4	2026-12-25	2026-02-19 10:32:52.119123	\N
240	Concord	Concord	Morning	2	2026-02-20	2026-02-19 13:11:47.989061	\N
241	Chennai	Chennai	morning	5	2026-04-10	2026-02-19 13:16:21.883102	\N
242	Coimbatore	Coimbatore	noon	3	2026-03-03	2026-02-19 13:16:21.88686	\N
245	Mumbai	Mumbai	morning	1	2026-03-31	2026-02-19 13:16:21.891141	\N
247	Goa	Goa	evening	2	2026-03-16	2026-02-19 13:16:21.892874	\N
248	Thanjavur	Thanjavur	evening	3	2026-03-17	2026-02-19 13:16:21.89354	\N
249	Erode	Erode	evening	2	2026-02-28	2026-02-19 13:16:21.895288	\N
250	Tirupur	Tirupur	noon	4	2026-03-21	2026-02-19 13:16:21.896685	\N
251	Salem	Salem	evening	2	2026-02-26	2026-02-19 13:16:21.897154	\N
252	Hyderabad	Hyderabad	noon	2	2026-02-23	2026-02-19 13:16:21.898491	\N
253	Kanyakumari	Kanyakumari	evening	4	2026-04-12	2026-02-19 13:16:21.898936	\N
254	Vellore	Vellore	morning	4	2026-03-22	2026-02-19 13:16:21.900538	\N
255	Vellore	Vellore	noon	4	2026-03-05	2026-02-19 13:16:21.902182	\N
256	Dindigul	Dindigul	morning	2	2026-03-23	2026-02-19 13:16:21.903271	\N
257	Coimbatore	Coimbatore	morning	4	2026-03-10	2026-02-19 13:16:21.904628	\N
258	Pondicherry	Pondicherry	noon	5	2026-03-27	2026-02-19 13:16:21.908032	\N
259	Bangalore	Bangalore	noon	4	2026-03-13	2026-02-19 13:16:21.908925	\N
260	Kanyakumari	Kanyakumari	morning	4	2026-02-27	2026-02-19 13:16:21.90942	\N
261	Karur	Karur	morning	4	2026-02-22	2026-02-19 13:16:21.91404	\N
262	Tirunelveli	Tirunelveli	morning	2	2026-04-07	2026-02-19 13:16:21.914549	\N
263	Delhi	Delhi	evening	1	2026-04-06	2026-02-19 13:16:21.916669	\N
264	Tirunelveli	Tirunelveli	morning	1	2026-04-05	2026-02-19 13:16:21.917141	\N
265	Kodaikanal	Kodaikanal	evening	4	2026-04-14	2026-02-19 13:16:21.91817	\N
266	Kanyakumari	Kanyakumari	evening	4	2026-04-16	2026-02-19 13:16:21.919049	\N
267	Karur	Karur	noon	3	2026-04-01	2026-02-19 13:16:21.920096	\N
268	Tirunelveli	Tirunelveli	morning	1	2026-03-01	2026-02-19 13:16:21.920478	\N
269	Madurai	Madurai	noon	2	2026-04-11	2026-02-19 13:16:21.921502	\N
270	Hyderabad	Hyderabad	evening	5	2026-04-07	2026-02-19 13:16:21.922443	\N
271	Namakkal	Namakkal	morning	1	2026-04-09	2026-02-19 13:16:21.922934	\N
272	Ooty	Ooty	noon	4	2026-03-16	2026-02-19 13:16:21.923439	\N
273	Kanyakumari	Kanyakumari	noon	5	2026-03-05	2026-02-19 13:16:21.924887	\N
274	Erode	Erode	evening	4	2026-02-23	2026-02-19 13:16:21.925945	\N
275	Bangalore	Bangalore	noon	3	2026-04-03	2026-02-19 13:16:21.927448	\N
276	Coimbatore	Coimbatore	morning	2	2026-04-13	2026-02-19 13:16:21.927939	\N
277	Delhi	Delhi	evening	2	2026-03-28	2026-02-19 13:16:21.92889	\N
278	Namakkal	Namakkal	morning	1	2026-03-19	2026-02-19 13:16:21.929216	\N
279	Kanchipuram	Kanchipuram	noon	5	2026-03-07	2026-02-19 13:16:21.929549	\N
280	Delhi	Delhi	noon	3	2026-04-06	2026-02-19 13:16:21.92984	\N
281	Bangalore	Bangalore	morning	3	2026-03-04	2026-02-19 13:16:21.930121	\N
282	Chennai	Chennai	evening	1	2026-03-13	2026-02-19 13:16:21.930485	\N
283	Ooty	Ooty	noon	1	2026-04-07	2026-02-19 13:16:21.931562	\N
284	Thanjavur	Thanjavur	morning	5	2026-03-13	2026-02-19 13:16:21.933108	\N
285	Goa	Goa	noon	1	2026-04-03	2026-02-19 13:16:21.934332	\N
286	Rameswaram	Rameswaram	noon	4	2026-04-09	2026-02-19 13:16:21.934982	\N
287	Tirunelveli	Tirunelveli	evening	1	2026-04-10	2026-02-19 13:16:21.936417	\N
288	Kodaikanal	Kodaikanal	evening	5	2026-03-23	2026-02-19 13:16:21.937097	\N
289	Chennai	Chennai	morning	5	2026-04-01	2026-02-19 13:16:21.937896	\N
290	Erode	Erode	morning	4	2026-04-14	2026-02-19 13:16:21.938843	\N
291	Mumbai	Mumbai	noon	2	2026-04-08	2026-02-19 13:16:21.940136	\N
292	Mumbai	Mumbai	evening	3	2026-03-14	2026-02-19 13:16:21.940596	\N
293	Kanchipuram	Kanchipuram	noon	1	2026-03-23	2026-02-19 13:16:21.940962	\N
294	Mumbai	Mumbai	morning	4	2026-04-13	2026-02-19 13:16:21.941439	\N
295	Hyderabad	Hyderabad	morning	1	2026-03-01	2026-02-19 13:16:21.941899	\N
296	Salem	Salem	morning	3	2026-02-22	2026-02-19 13:16:21.942314	\N
297	Goa	Goa	noon	5	2026-04-08	2026-02-19 13:16:21.943715	\N
298	Karur	Karur	morning	2	2026-02-20	2026-02-19 13:16:21.944213	\N
299	Salem	Salem	morning	2	2026-03-27	2026-02-19 13:16:21.944784	\N
301	Vellore	Vellore	morning	3	2026-03-20	2026-02-19 13:16:21.947235	\N
302	Tirupur	Tirupur	morning	1	2026-04-07	2026-02-19 13:16:21.949179	\N
303	Delhi	Delhi	evening	1	2026-04-13	2026-02-19 13:16:21.949609	\N
244	Chennai	Chennai	noon	4	2026-03-26	2026-02-19 13:16:21.889838	\N
300	Namakkal	Namakkal	evening	9	2026-02-26	2026-02-19 13:16:21.94653	\N
243	Thanjavur	Thanjavur	evening	10	2026-04-01	2026-02-19 13:16:21.88859	\N
246	Mahabalipuram	Mahabalipuram	morning	9	2026-03-07	2026-02-19 13:16:21.891727	\N
305	Kanyakumari	Kanyakumari	evening	4	2026-02-19	2026-02-19 13:16:21.9544	\N
306	Kanyakumari	Kanyakumari	morning	2	2026-04-17	2026-02-19 13:16:21.955281	\N
307	Salem	Salem	morning	5	2026-03-18	2026-02-19 13:16:21.955992	\N
308	Mahabalipuram	Mahabalipuram	noon	3	2026-04-17	2026-02-19 13:16:21.956795	\N
309	Vellore	Vellore	noon	4	2026-03-26	2026-02-19 13:16:21.957884	\N
310	Erode	Erode	evening	4	2026-03-24	2026-02-19 13:16:21.958707	\N
311	Namakkal	Namakkal	evening	5	2026-03-10	2026-02-19 13:16:21.959338	\N
312	Dindigul	Dindigul	noon	3	2026-03-08	2026-02-19 13:16:21.959746	\N
313	Delhi	Delhi	noon	3	2026-04-03	2026-02-19 13:16:21.96081	\N
314	Kodaikanal	Kodaikanal	morning	5	2026-03-29	2026-02-19 13:16:21.961241	\N
315	Tirupur	Tirupur	evening	3	2026-02-20	2026-02-19 13:16:21.962617	\N
316	Delhi	Delhi	evening	2	2026-04-12	2026-02-19 13:16:21.962975	\N
317	Kanchipuram	Kanchipuram	evening	4	2026-03-31	2026-02-19 13:16:21.963524	\N
318	Karur	Karur	morning	3	2026-03-23	2026-02-19 13:16:21.963937	\N
319	Thanjavur	Thanjavur	evening	2	2026-03-09	2026-02-19 13:16:21.964423	\N
320	Rameswaram	Rameswaram	evening	2	2026-02-28	2026-02-19 13:16:21.965558	\N
321	Chennai	Chennai	evening	1	2026-04-18	2026-02-19 13:16:21.967427	\N
322	Coimbatore	Coimbatore	noon	5	2026-03-23	2026-02-19 13:16:21.968625	\N
323	Mumbai	Mumbai	morning	3	2026-03-11	2026-02-19 13:16:21.969817	\N
324	Tiruchirappalli	Tiruchirappalli	morning	3	2026-03-01	2026-02-19 13:16:21.970129	\N
325	Bangalore	Bangalore	noon	4	2026-02-26	2026-02-19 13:16:21.971167	\N
326	Thanjavur	Thanjavur	morning	2	2026-04-05	2026-02-19 13:16:21.971453	\N
327	Tirunelveli	Tirunelveli	morning	1	2026-04-17	2026-02-19 13:16:21.972051	\N
328	Bangalore	Bangalore	morning	1	2026-02-22	2026-02-19 13:16:21.972652	\N
329	Karur	Karur	noon	4	2026-03-03	2026-02-19 13:16:21.972952	\N
330	Kodaikanal	Kodaikanal	evening	2	2026-02-26	2026-02-19 13:16:21.973255	\N
331	Tirunelveli	Tirunelveli	noon	4	2026-03-04	2026-02-19 13:16:21.97395	\N
332	Chennai	Chennai	evening	5	2026-04-17	2026-02-19 13:16:21.974589	\N
333	Hyderabad	Hyderabad	evening	4	2026-03-04	2026-02-19 13:16:21.975933	\N
334	Bangalore	Bangalore	morning	4	2026-03-19	2026-02-19 13:16:21.976291	\N
335	Dindigul	Dindigul	evening	4	2026-03-10	2026-02-19 13:16:21.976802	\N
336	Karur	Karur	noon	2	2026-03-20	2026-02-19 13:16:21.977952	\N
337	Bangalore	Bangalore	morning	1	2026-02-24	2026-02-19 13:16:21.978258	\N
338	Tirunelveli	Tirunelveli	evening	4	2026-03-22	2026-02-19 13:16:21.978537	\N
339	Vellore	Vellore	morning	3	2026-03-07	2026-02-19 13:16:21.979522	\N
340	Rameswaram	Rameswaram	evening	2	2026-04-06	2026-02-19 13:16:21.980795	\N
341	Karur	Karur	noon	4	2026-03-07	2026-02-19 13:16:21.981748	\N
342	Coimbatore	Coimbatore	morning	4	2026-04-12	2026-02-19 13:16:21.982134	\N
343	Tiruchirappalli	Tiruchirappalli	evening	1	2026-03-03	2026-02-19 13:16:21.983307	\N
344	Namakkal	Namakkal	noon	3	2026-03-03	2026-02-19 13:16:21.984202	\N
345	Tirupur	Tirupur	noon	2	2026-03-02	2026-02-19 13:16:21.984583	\N
346	Coimbatore	Coimbatore	evening	2	2026-02-28	2026-02-19 13:16:21.985047	\N
347	Rameswaram	Rameswaram	morning	4	2026-04-11	2026-02-19 13:16:21.986316	\N
348	Kodaikanal	Kodaikanal	evening	3	2026-03-15	2026-02-19 13:16:21.988111	\N
349	Kanyakumari	Kanyakumari	evening	2	2026-03-10	2026-02-19 13:16:21.989581	\N
350	Tiruchirappalli	Tiruchirappalli	morning	2	2026-03-04	2026-02-19 13:16:21.990696	\N
351	Tirunelveli	Tirunelveli	evening	3	2026-03-09	2026-02-19 13:16:21.991771	\N
352	Salem	Salem	evening	4	2026-04-03	2026-02-19 13:16:21.992763	\N
353	Hyderabad	Hyderabad	morning	5	2026-04-09	2026-02-19 13:16:21.993944	\N
354	Thanjavur	Thanjavur	morning	5	2026-04-03	2026-02-19 13:16:21.994389	\N
355	Salem	Salem	morning	2	2026-04-07	2026-02-19 13:16:21.995638	\N
356	Bangalore	Bangalore	evening	3	2026-03-11	2026-02-19 13:16:21.996671	\N
357	Goa	Goa	noon	4	2026-04-02	2026-02-19 13:16:21.997022	\N
358	Kodaikanal	Kodaikanal	evening	2	2026-04-10	2026-02-19 13:16:21.997409	\N
359	Thanjavur	Thanjavur	morning	1	2026-03-03	2026-02-19 13:16:21.998619	\N
361	Coimbatore	Coimbatore	noon	5	2026-03-28	2026-02-19 13:16:22.001261	\N
362	Dindigul	Dindigul	evening	1	2026-03-14	2026-02-19 13:16:22.002711	\N
363	Karur	Karur	morning	4	2026-03-09	2026-02-19 13:16:22.020318	\N
364	Salem	Salem	morning	2	2026-03-15	2026-02-19 13:16:22.033524	\N
365	Salem	Salem	evening	5	2026-03-11	2026-02-19 13:16:22.034689	\N
366	Namakkal	Namakkal	evening	4	2026-03-22	2026-02-19 13:16:22.036609	\N
367	Vellore	Vellore	evening	4	2026-03-10	2026-02-19 13:16:22.03724	\N
368	Bangalore	Bangalore	noon	5	2026-02-23	2026-02-19 13:16:22.06184	\N
369	Tirupur	Tirupur	morning	2	2026-03-31	2026-02-19 13:16:22.06312	\N
370	Dindigul	Dindigul	noon	5	2026-04-05	2026-02-19 13:16:22.063701	\N
371	Rameswaram	Rameswaram	noon	1	2026-02-24	2026-02-19 13:16:22.064997	\N
372	Madurai	Madurai	noon	3	2026-03-13	2026-02-19 13:16:22.066308	\N
373	Erode	Erode	noon	1	2026-03-10	2026-02-19 13:16:22.067959	\N
374	Dindigul	Dindigul	noon	2	2026-04-12	2026-02-19 13:16:22.069784	\N
375	Thanjavur	Thanjavur	morning	2	2026-03-11	2026-02-19 13:16:22.071246	\N
376	Tirupur	Tirupur	noon	4	2026-03-05	2026-02-19 13:16:22.072512	\N
378	Mahabalipuram	Mahabalipuram	morning	5	2026-02-22	2026-02-19 13:16:22.074634	\N
379	Bangalore	Bangalore	noon	4	2026-02-22	2026-02-19 13:16:22.076052	\N
380	Mumbai	Mumbai	evening	1	2026-03-20	2026-02-19 13:16:22.076593	\N
381	Pondicherry	Pondicherry	morning	1	2026-03-16	2026-02-19 13:16:22.077022	\N
382	Rameswaram	Rameswaram	morning	1	2026-04-17	2026-02-19 13:16:22.077481	\N
383	Delhi	Delhi	morning	3	2026-04-13	2026-02-19 13:16:22.079849	\N
384	Karur	Karur	noon	1	2026-03-11	2026-02-19 13:16:22.081381	\N
385	Kodaikanal	Kodaikanal	morning	5	2026-03-28	2026-02-19 13:16:22.082225	\N
386	Salem	Salem	morning	3	2026-03-28	2026-02-19 13:16:22.087952	\N
387	Hyderabad	Hyderabad	evening	2	2026-03-29	2026-02-19 13:16:22.089718	\N
388	Goa	Goa	evening	1	2026-04-11	2026-02-19 13:16:22.09018	\N
389	Tiruchirappalli	Tiruchirappalli	noon	5	2026-04-01	2026-02-19 13:16:22.090593	\N
390	Goa	Goa	evening	3	2026-04-08	2026-02-19 13:16:22.091469	\N
391	Thanjavur	Thanjavur	evening	5	2026-03-14	2026-02-19 13:16:22.091863	\N
392	Salem	Salem	morning	4	2026-03-16	2026-02-19 13:16:22.093081	\N
393	Kanchipuram	Kanchipuram	morning	3	2026-03-27	2026-02-19 13:16:22.094008	\N
394	Rameswaram	Rameswaram	evening	3	2026-04-18	2026-02-19 13:16:22.094443	\N
395	Erode	Erode	morning	5	2026-03-31	2026-02-19 13:16:22.095258	\N
396	Vellore	Vellore	morning	5	2026-04-08	2026-02-19 13:16:22.096169	\N
397	Tirunelveli	Tirunelveli	evening	3	2026-03-17	2026-02-19 13:16:22.097021	\N
398	Pondicherry	Pondicherry	morning	3	2026-04-10	2026-02-19 13:16:22.098573	\N
399	Kanyakumari	Kanyakumari	morning	4	2026-04-06	2026-02-19 13:16:22.098995	\N
400	Coimbatore	Coimbatore	morning	2	2026-04-07	2026-02-19 13:16:22.100532	\N
401	Karur	Karur	evening	4	2026-02-19	2026-02-19 13:16:22.101633	\N
402	Tirunelveli	Tirunelveli	morning	4	2026-03-02	2026-02-19 13:16:22.102112	\N
403	Delhi	Delhi	evening	5	2026-02-27	2026-02-19 13:16:22.103477	\N
404	Kanyakumari	Kanyakumari	morning	5	2026-03-28	2026-02-19 13:16:22.103888	\N
405	Tiruchirappalli	Tiruchirappalli	morning	1	2026-03-09	2026-02-19 13:16:22.104755	\N
406	Coimbatore	Coimbatore	morning	5	2026-03-17	2026-02-19 13:16:22.10609	\N
407	Delhi	Delhi	evening	3	2026-03-09	2026-02-19 13:16:22.107167	\N
408	Tiruchirappalli	Tiruchirappalli	evening	3	2026-04-09	2026-02-19 13:16:22.107583	\N
377	Tiruchirappalli	Tiruchirappalli	morning	5	2026-03-23	2026-02-19 13:16:22.072966	\N
409	Mahabalipuram	Mahabalipuram	noon	5	2026-02-27	2026-02-19 13:16:22.108426	\N
410	Tirupur	Tirupur	morning	3	2026-03-02	2026-02-19 13:16:22.109254	\N
411	Mahabalipuram	Mahabalipuram	morning	2	2026-04-09	2026-02-19 13:16:22.109634	\N
412	Mahabalipuram	Mahabalipuram	morning	2	2026-03-02	2026-02-19 13:16:22.110452	\N
413	Erode	Erode	morning	4	2026-04-18	2026-02-19 13:16:22.111923	\N
414	Tiruchirappalli	Tiruchirappalli	noon	2	2026-04-18	2026-02-19 13:16:22.112904	\N
415	Delhi	Delhi	morning	3	2026-04-08	2026-02-19 13:16:22.114865	\N
416	Pondicherry	Pondicherry	evening	2	2026-03-01	2026-02-19 13:16:22.115305	\N
417	Tiruchirappalli	Tiruchirappalli	morning	5	2026-04-14	2026-02-19 13:16:22.11573	\N
418	Vellore	Vellore	evening	3	2026-03-29	2026-02-19 13:16:22.116649	\N
419	Erode	Erode	morning	2	2026-03-25	2026-02-19 13:16:22.117572	\N
420	Kanchipuram	Kanchipuram	morning	3	2026-03-12	2026-02-19 13:16:22.119048	\N
421	Erode	Erode	evening	1	2026-03-18	2026-02-19 13:16:22.11946	\N
422	Ooty	Ooty	morning	1	2026-04-12	2026-02-19 13:16:22.120839	\N
423	Tirunelveli	Tirunelveli	morning	1	2026-03-04	2026-02-19 13:16:22.121687	\N
424	Madurai	Madurai	evening	5	2026-03-31	2026-02-19 13:16:22.12257	\N
425	Rameswaram	Rameswaram	morning	1	2026-04-07	2026-02-19 13:16:22.123643	\N
426	Namakkal	Namakkal	evening	1	2026-03-21	2026-02-19 13:16:22.124747	\N
427	Tiruchirappalli	Tiruchirappalli	evening	1	2026-04-13	2026-02-19 13:16:22.125133	\N
428	Tirunelveli	Tirunelveli	noon	1	2026-04-13	2026-02-19 13:16:22.127111	\N
429	Erode	Erode	noon	1	2026-04-02	2026-02-19 13:16:22.1284	\N
430	Kanyakumari	Kanyakumari	morning	1	2026-03-03	2026-02-19 13:16:22.130791	\N
431	Karur	Karur	evening	4	2026-03-10	2026-02-19 13:16:22.131748	\N
432	Ooty	Ooty	morning	4	2026-03-25	2026-02-19 13:16:22.132224	\N
433	Pondicherry	Pondicherry	noon	4	2026-03-25	2026-02-19 13:16:22.133867	\N
434	Kanchipuram	Kanchipuram	morning	2	2026-03-06	2026-02-19 13:16:22.134439	\N
435	Thanjavur	Thanjavur	morning	2	2026-04-17	2026-02-19 13:16:22.134968	\N
436	Kanchipuram	Kanchipuram	noon	4	2026-04-17	2026-02-19 13:16:22.136214	\N
437	Rameswaram	Rameswaram	noon	5	2026-03-12	2026-02-19 13:16:22.136606	\N
438	Kanyakumari	Kanyakumari	evening	1	2026-04-02	2026-02-19 13:16:22.137781	\N
439	Rameswaram	Rameswaram	noon	1	2026-04-06	2026-02-19 13:16:22.138918	\N
440	Chennai	Chennai	noon	3	2026-03-18	2026-02-19 13:16:22.140203	\N
441	Vellore	Vellore	morning	4	2026-03-03	2026-02-19 13:16:22.141565	\N
442	Delhi	Delhi	morning	4	2026-03-29	2026-02-19 13:16:22.142638	\N
443	Bangalore	Bangalore	evening	5	2026-03-30	2026-02-19 13:16:22.14302	\N
444	Karur	Karur	noon	1	2026-03-26	2026-02-19 13:16:22.143395	\N
445	Pondicherry	Pondicherry	noon	1	2026-03-21	2026-02-19 13:16:22.143767	\N
446	Hyderabad	Hyderabad	evening	3	2026-04-14	2026-02-19 13:16:22.144141	\N
447	Bangalore	Bangalore	noon	5	2026-03-08	2026-02-19 13:16:22.144513	\N
448	Ooty	Ooty	evening	5	2026-04-05	2026-02-19 13:16:22.144906	\N
449	Salem	Salem	noon	4	2026-04-09	2026-02-19 13:16:22.145749	\N
450	Kanyakumari	Kanyakumari	noon	4	2026-04-04	2026-02-19 13:16:22.147102	\N
451	Kanchipuram	Kanchipuram	evening	1	2026-02-25	2026-02-19 13:16:22.148378	\N
452	Mumbai	Mumbai	morning	5	2026-02-26	2026-02-19 13:16:22.148784	\N
453	Pondicherry	Pondicherry	evening	3	2026-03-02	2026-02-19 13:16:22.149201	\N
455	Hyderabad	Hyderabad	noon	3	2026-03-18	2026-02-19 13:16:22.150974	\N
456	Coimbatore	Coimbatore	noon	1	2026-03-02	2026-02-19 13:16:22.151475	\N
457	Salem	Salem	evening	3	2026-02-28	2026-02-19 13:16:22.152605	\N
458	Ooty	Ooty	noon	4	2026-03-03	2026-02-19 13:16:22.153895	\N
459	Thanjavur	Thanjavur	evening	1	2026-03-15	2026-02-19 13:16:22.154944	\N
460	Hyderabad	Hyderabad	morning	5	2026-02-19	2026-02-19 13:16:22.156316	\N
461	Madurai	Madurai	noon	1	2026-02-28	2026-02-19 13:16:22.156961	\N
462	Madurai	Madurai	evening	4	2026-03-19	2026-02-19 13:16:22.15824	\N
463	Pondicherry	Pondicherry	morning	2	2026-03-02	2026-02-19 13:16:22.159994	\N
464	Tirupur	Tirupur	morning	1	2026-04-16	2026-02-19 13:16:22.16039	\N
465	Erode	Erode	noon	4	2026-04-07	2026-02-19 13:16:22.160771	\N
466	Tirunelveli	Tirunelveli	evening	2	2026-03-16	2026-02-19 13:16:22.161631	\N
467	Bangalore	Bangalore	morning	4	2026-02-27	2026-02-19 13:16:22.16271	\N
454	Ooty	Ooty	evening	6	2026-03-30	2026-02-19 13:16:22.149669	\N
468	Vellore	Vellore	evening	2	2026-04-02	2026-02-19 13:16:22.16426	\N
469	Delhi	Delhi	noon	2	2026-03-12	2026-02-19 13:16:22.165159	\N
470	Mahabalipuram	Mahabalipuram	noon	3	2026-03-30	2026-02-19 13:16:22.165643	\N
471	Kanyakumari	Kanyakumari	noon	2	2026-03-20	2026-02-19 13:16:22.166757	\N
472	Kanchipuram	Kanchipuram	morning	1	2026-03-25	2026-02-19 13:16:22.168449	\N
473	Madurai	Madurai	evening	5	2026-03-16	2026-02-19 13:16:22.168881	\N
474	Thanjavur	Thanjavur	morning	5	2026-03-07	2026-02-19 13:16:22.169825	\N
475	Tirunelveli	Tirunelveli	noon	1	2026-04-19	2026-02-19 13:16:22.170701	\N
360	Tirupur	Tirupur	morning	6	2026-04-19	2026-02-19 13:16:22.000636	\N
476	Vellore	Vellore	noon	4	2026-03-28	2026-02-19 13:16:22.172962	\N
477	Tirupur	Tirupur	morning	4	2026-03-22	2026-02-19 13:16:22.174132	\N
478	Erode	Erode	noon	3	2026-04-01	2026-02-19 13:16:22.174552	\N
479	Goa	Goa	morning	4	2026-03-18	2026-02-19 13:16:22.175335	\N
480	Coimbatore	Coimbatore	noon	3	2026-04-06	2026-02-19 13:16:22.175698	\N
481	Erode	Erode	noon	3	2026-03-09	2026-02-19 13:16:22.17818	\N
482	Namakkal	Namakkal	morning	5	2026-04-02	2026-02-19 13:16:22.179105	\N
483	Coimbatore	Coimbatore	morning	5	2026-03-06	2026-02-19 13:16:22.179519	\N
484	Ooty	Ooty	noon	3	2026-04-03	2026-02-19 13:16:22.180707	\N
485	Kodaikanal	Kodaikanal	noon	1	2026-03-12	2026-02-19 13:16:22.181606	\N
486	Tirupur	Tirupur	morning	2	2026-04-18	2026-02-19 13:16:22.182764	\N
\.


--
-- Data for Name: destination_places; Type: TABLE DATA; Schema: public; Owner: suthikshaaghoram
--

COPY public.destination_places (id, city, place_name, latitude, longitude, category, address, created_at) FROM stdin;
1	Kodaikanal	Moir's Point View	10.21052120	77.44830720	Tourist Attraction	Moir's Point View, Kodaikanal - Cochin Road, - 624103, Tamil Nadu, India	2026-02-19 07:57:29.804065
2	Kodaikanal	Dolphin's Nose	10.20904470	77.48721100	Tourist Attraction	Dolphin's Nose, Pillar Rocks Road, Kodaikanal - 624100, Tamil Nadu, India	2026-02-19 07:57:29.818816
3	Kodaikanal	Boat House	10.23223160	77.49091660	Tourist Attraction	Boat House, Lake Road, Naidupuram, Kodaikanal - 624100, Tamil Nadu, India	2026-02-19 07:57:29.820329
4	Kodaikanal	TTDC Boat House	10.23463200	77.48733630	Tourist Attraction	TTDC Boat House, Lake Road, Naidupuram, Kodaikanal - 624100, Tamil Nadu, India	2026-02-19 07:57:29.823045
5	Kodaikanal	Pillar Rocks View	10.20992820	77.46515490	Tourist Attraction	Pillar Rocks View, Pillar Rocks Road, Vattakanal - 624100, Tamil Nadu, India	2026-02-19 07:57:29.830611
6	Kodaikanal	Suicide Point	10.20993730	77.45704350	Tourist Attraction	Suicide Point, Pillar Rocks Road, Vattakanal - 624100, Tamil Nadu, India	2026-02-19 07:57:29.831734
7	Kodaikanal	Coaker's Walk	10.23237500	77.49373900	Tourist Attraction	Coaker's Walk, Upper Lake Road, Anna Nagar, Kodaikanal - 624100, Tamil Nadu, India	2026-02-19 07:57:29.83386
8	Kodaikanal	Devil's kitchen	10.21045410	77.46160930	Tourist Attraction	Devil's kitchen, Pillar Rocks Road, Vattakanal - 624100, Tamil Nadu, India	2026-02-19 07:57:29.835201
9	Kodaikanal	Guna's cave viewpoint	10.21057490	77.46158920	Tourist Attraction	Guna's cave viewpoint, Pillar Rocks Road, Vattakanal - 624100, Tamil Nadu, India	2026-02-19 07:57:29.836498
10	Kodaikanal	Boathouse	10.23802910	77.48777260	Tourist Attraction	Boathouse, Kodai Ghat Road, Naidupuram, Kodaikanal - 624100, Tamil Nadu, India	2026-02-19 07:57:29.837483
11	Kodaikanal	Sri Mahalakshmi Temple	10.24986270	77.41464720	Tourist Attraction	Temple poombari, Goshen Road, Poombarai - 624103, Tamil Nadu, India	2026-02-19 07:57:29.840497
12	Kodaikanal	Seruppadi Mattam	10.32081440	77.51057270	Tourist Attraction	Seruppadi Mattam, To Watchtower, Ganeshapuram -, Tamil Nadu, India	2026-02-19 07:57:29.841436
13	Kodaikanal	Palani Viewpoint	10.32042980	77.51428220	Tourist Attraction	Palani Viewpoint, To Watchtower, Ganeshapuram -, Tamil Nadu, India	2026-02-19 07:57:29.84219
14	Kodaikanal	Avocado Hill	10.31554890	77.50381470	Tourist Attraction	Avocado Hill, Vilpatti Puliyur road, Puliyur -, Tamil Nadu, India	2026-02-19 07:57:29.843608
15	Kodaikanal	Greencrest	10.26157860	77.47977450	Tourist Attraction	Greencrest, Kodai - Pallangi Road, Naidupuram, Kodaikanal - 624101, Tamil Nadu, India	2026-02-19 07:57:29.844619
16	Kodaikanal	Silver Cascade Falls	10.24199350	77.51029900	Tourist Attraction	Silver Cascade Falls, Kodai Ghat Road, Shenbaganoor, - 624101, Tamil Nadu, India	2026-02-19 07:57:29.846273
17	Kodaikanal	Watch tower	10.18419480	77.41861580	Tourist Attraction	Watch tower, Kodaikanal - Cochin Road, -, Tamil Nadu, India	2026-02-19 07:57:29.847028
18	Kodaikanal	Palar Dam viewpoint	10.29344620	77.54104020	Tourist Attraction	Palar Dam viewpoint, Kodaikanal - Palani Ghat Road, Gandhi Nagar B. L. Shed -, Tamil Nadu, India	2026-02-19 07:57:29.847603
19	Kodaikanal	Green Valley View	10.20998610	77.47610630	Tourist Attraction	Green Valley View, Pillar Rocks Road, Vattakanal - 624100, Tamil Nadu, India	2026-02-19 07:57:29.848117
20	Kodaikanal	Palani Temple Majestic Viewpoint	10.24850720	77.41658190	Tourist Attraction	Palani Temple Majestic Viewpoint, Goshen Road, Poombarai - 624103, Tamil Nadu, India	2026-02-19 07:57:29.848772
21	Concord	NH Law Enforcement Officers Memorial	43.20652950	-71.53884624	Tourist Attraction	NH Law Enforcement Officers Memorial, Capitol Street, Concord, NH 03301, United States of America	2026-02-19 13:11:27.19497
22	Concord	Daniel Webster	43.20704110	-71.53757920	Tourist Attraction	Daniel Webster, Capitol Street, Concord, NH 03301, United States of America	2026-02-19 13:11:27.202317
23	Concord	Concord Clock	43.20678780	-71.53628450	Tourist Attraction	Concord Clock, North Main Street, Concord, NH 03302, United States of America	2026-02-19 13:11:27.203394
24	Concord	Franklin Pierce	43.20699600	-71.53687730	Tourist Attraction	Franklin Pierce, Capitol Street, Concord, NH 03301, United States of America	2026-02-19 13:11:27.204388
25	Concord	John Parker Hale	43.20726190	-71.53755120	Tourist Attraction	John Parker Hale, Park Street, Concord, NH 03301, United States of America	2026-02-19 13:11:27.205288
26	Concord	General John Stark	43.20689340	-71.53738750	Tourist Attraction	General John Stark, Capitol Street, Concord, NH 03301, United States of America	2026-02-19 13:11:27.206653
27	Concord	Liberty Bell	43.20704490	-71.53728830	Tourist Attraction	Liberty Bell, Capitol Street, Concord, NH 03301, United States of America	2026-02-19 13:11:27.20844
28	Concord	Commodore George Hamilton Perkins	43.20684350	-71.53852610	Tourist Attraction	Commodore George Hamilton Perkins, North State Street, Concord, NH 03301, United States of America	2026-02-19 13:11:27.210101
29	Concord	John Gilbert Winant	43.20727550	-71.53870120	Tourist Attraction	John Gilbert Winant, Park Street, Concord, NH 03301, United States of America	2026-02-19 13:11:27.211215
30	Concord	Pembroke Spartan	43.14578500	-71.45528060	Tourist Attraction	Pembroke Spartan, 209 Academy Road, Pembroke, NH 03275, United States of America	2026-02-19 13:11:27.212016
31	Concord	Swope Slope	43.27543000	-71.51370800	Tourist Attraction	Swope Slope, Dancing Bear Trail, Concord, NH, United States of America	2026-02-19 13:11:27.212686
32	Concord	Oak Hill Vista	43.26871050	-71.52845530	Tourist Attraction	Oak Hill Vista, Vista Way Trail, Concord, NH, United States of America	2026-02-19 13:11:27.213494
33	Concord	Pluto	43.21815330	-71.53134950	Tourist Attraction	Pluto, Fan Road, Concord, NH 03301, United States of America	2026-02-19 13:11:27.214376
34	Concord	Neptune	43.21969190	-71.53308190	Tourist Attraction	Neptune, Fan Road, Concord, NH 03301, United States of America	2026-02-19 13:11:27.215058
35	Concord	Uranus	43.22129500	-71.53282140	Tourist Attraction	Uranus, Fan Road, Concord, NH 03301, United States of America	2026-02-19 13:11:27.216019
36	Concord	Mercury-Redstone Plaza	43.22409710	-71.53306250	Tourist Attraction	Mercury-Redstone Plaza, Fan Road, Concord, NH 03301, United States of America	2026-02-19 13:11:27.217074
37	Concord	Hoit Marsh Viewing Platform	43.29362670	-71.52494310	Tourist Attraction	Hoit Marsh Viewing Platform, Hoit Marsh Trail, Concord, NH, United States of America	2026-02-19 13:11:27.217797
38	Concord	Christa McAuliffe	43.20681840	-71.53773630	Tourist Attraction	Christa McAuliffe, Capitol Street, Concord, NH 03301, United States of America	2026-02-19 13:11:27.218368
39	Concord	Great Turkey Pond Loop	43.17479760	-71.57948340	Tourist Attraction	Great Turkey Pond Loop, Concord, NH, United States of America	2026-02-19 13:11:27.218951
40	Concord	South Main Street	43.20411350	-71.53553980	Tourist Attraction	South Main Street, Concord, NH 03301, United States of America	2026-02-19 13:11:27.219517
\.


--
-- Data for Name: place_crowd_slots; Type: TABLE DATA; Schema: public; Owner: suthikshaaghoram
--

COPY public.place_crowd_slots (id, destination, place_name, visit_date, time_slot, visitor_count) FROM stdin;
1	Kodaikanal	Moir's Point View	2026-02-19	morning	25
2	Kodaikanal	Moir's Point View	2026-02-19	noon	11
3	Kodaikanal	Moir's Point View	2026-02-19	evening	24
4	Kodaikanal	Dolphin's Nose	2026-02-19	morning	32
5	Kodaikanal	Dolphin's Nose	2026-02-19	noon	49
6	Kodaikanal	Dolphin's Nose	2026-02-19	evening	17
7	Kodaikanal	Boat House	2026-02-19	morning	32
8	Kodaikanal	Boat House	2026-02-19	noon	27
9	Kodaikanal	Boat House	2026-02-19	evening	41
10	Kodaikanal	TTDC Boat House	2026-02-19	morning	33
11	Kodaikanal	TTDC Boat House	2026-02-19	noon	8
12	Kodaikanal	TTDC Boat House	2026-02-19	evening	32
13	Kodaikanal	Pillar Rocks View	2026-02-19	morning	46
14	Kodaikanal	Pillar Rocks View	2026-02-19	noon	31
15	Kodaikanal	Pillar Rocks View	2026-02-19	evening	14
16	Kodaikanal	Suicide Point	2026-02-19	morning	8
17	Kodaikanal	Suicide Point	2026-02-19	noon	5
18	Kodaikanal	Suicide Point	2026-02-19	evening	18
19	Kodaikanal	Coaker's Walk	2026-02-19	morning	23
20	Kodaikanal	Coaker's Walk	2026-02-19	noon	33
21	Kodaikanal	Coaker's Walk	2026-02-19	evening	9
22	Kodaikanal	Devil's kitchen	2026-02-19	morning	17
23	Kodaikanal	Devil's kitchen	2026-02-19	noon	31
24	Kodaikanal	Devil's kitchen	2026-02-19	evening	30
25	Kodaikanal	Guna's cave viewpoint	2026-02-19	morning	16
26	Kodaikanal	Guna's cave viewpoint	2026-02-19	noon	34
27	Kodaikanal	Guna's cave viewpoint	2026-02-19	evening	14
28	Kodaikanal	Boathouse	2026-02-19	morning	39
29	Kodaikanal	Boathouse	2026-02-19	noon	39
31	Kodaikanal	Sri Mahalakshmi Temple	2026-02-19	morning	20
32	Kodaikanal	Sri Mahalakshmi Temple	2026-02-19	noon	13
33	Kodaikanal	Sri Mahalakshmi Temple	2026-02-19	evening	15
34	Kodaikanal	Seruppadi Mattam	2026-02-19	morning	39
35	Kodaikanal	Seruppadi Mattam	2026-02-19	noon	17
36	Kodaikanal	Seruppadi Mattam	2026-02-19	evening	49
37	Kodaikanal	Palani Viewpoint	2026-02-19	morning	46
38	Kodaikanal	Palani Viewpoint	2026-02-19	noon	40
39	Kodaikanal	Palani Viewpoint	2026-02-19	evening	47
40	Kodaikanal	Avocado Hill	2026-02-19	morning	36
41	Kodaikanal	Avocado Hill	2026-02-19	noon	21
42	Kodaikanal	Avocado Hill	2026-02-19	evening	31
43	Kodaikanal	Greencrest	2026-02-19	morning	48
44	Kodaikanal	Greencrest	2026-02-19	noon	24
45	Kodaikanal	Greencrest	2026-02-19	evening	10
46	Kodaikanal	Silver Cascade Falls	2026-02-19	morning	19
47	Kodaikanal	Silver Cascade Falls	2026-02-19	noon	46
48	Kodaikanal	Silver Cascade Falls	2026-02-19	evening	26
49	Kodaikanal	Watch tower	2026-02-19	morning	9
50	Kodaikanal	Watch tower	2026-02-19	noon	14
51	Kodaikanal	Watch tower	2026-02-19	evening	6
52	Kodaikanal	Palar Dam viewpoint	2026-02-19	morning	34
53	Kodaikanal	Palar Dam viewpoint	2026-02-19	noon	26
54	Kodaikanal	Palar Dam viewpoint	2026-02-19	evening	34
55	Kodaikanal	Green Valley View	2026-02-19	morning	7
56	Kodaikanal	Green Valley View	2026-02-19	noon	28
57	Kodaikanal	Green Valley View	2026-02-19	evening	5
58	Kodaikanal	Palani Temple Majestic Viewpoint	2026-02-19	morning	13
59	Kodaikanal	Palani Temple Majestic Viewpoint	2026-02-19	noon	17
61	Concord	NH Law Enforcement Officers Memorial	2026-02-20	morning	2
62	Chennai	Fort St. George	2026-04-10	morning	5
63	Chennai	Kapaleeshwarar Temple	2026-04-10	morning	5
64	Coimbatore	Isha Yoga Center	2026-03-03	noon	3
65	Coimbatore	Marudhamalai Temple	2026-03-03	noon	3
66	Coimbatore	Velliangiri Hills	2026-03-03	noon	3
67	Coimbatore	Siruvani Waterfalls	2026-03-03	noon	3
69	Thanjavur	Schwartz Church	2026-04-01	evening	5
75	Mahabalipuram	Pancha Rathas	2026-03-07	morning	4
76	Thanjavur	Vijayanagara Fort	2026-03-17	evening	3
77	Thanjavur	Saraswathi Mahal Library	2026-03-17	evening	3
78	Thanjavur	Thanjavur Palace	2026-03-17	evening	3
79	Erode	Bannari Amman Temple	2026-02-28	evening	2
80	Erode	Chennimalai Murugan Temple	2026-02-28	evening	2
81	Erode	Kodiveri Dam	2026-02-28	evening	2
82	Salem	Mettur Dam	2026-02-26	evening	2
83	Salem	Jarugumalai Temple	2026-02-26	evening	2
84	Salem	Kolli Hills	2026-02-26	evening	2
85	Kanyakumari	Kanyakumari Beach	2026-04-12	evening	4
86	Kanyakumari	Padmanabhapuram Palace	2026-04-12	evening	4
87	Kanyakumari	Thiruvalluvar Statue	2026-04-12	evening	4
88	Kanyakumari	Sunrise Point	2026-04-12	evening	4
89	Vellore	Ratnagiri Murugan Temple	2026-03-22	morning	4
90	Vellore	Jalakandeswarar Temple	2026-03-22	morning	4
91	Vellore	Vellore Fort	2026-03-22	morning	4
92	Vellore	Golden Temple (Sripuram)	2026-03-22	morning	4
93	Vellore	Vellore Fort	2026-03-05	noon	4
94	Vellore	Jalakandeswarar Temple	2026-03-05	noon	4
95	Dindigul	Sirumalai Hills	2026-03-23	morning	2
96	Dindigul	Kamakshi Amman Temple	2026-03-23	morning	2
97	Dindigul	Kodaikanal	2026-03-23	morning	2
98	Coimbatore	Perur Pateeswarar Temple	2026-03-10	morning	4
99	Coimbatore	Marudhamalai Temple	2026-03-10	morning	4
100	Coimbatore	Isha Yoga Center	2026-03-10	morning	4
101	Kanyakumari	Suchindram Temple	2026-02-27	morning	4
102	Kanyakumari	Padmanabhapuram Palace	2026-02-27	morning	4
72	Chennai	Fort St. George	2026-03-26	noon	4
73	Chennai	San Thome Basilica	2026-03-26	noon	4
71	Chennai	Guindy National Park	2026-03-26	noon	4
68	Thanjavur	Saraswathi Mahal Library	2026-04-01	evening	10
70	Thanjavur	Thanjavur Palace	2026-04-01	evening	10
60	Kodaikanal	Palani Temple Majestic Viewpoint	2026-02-19	evening	43
30	Kodaikanal	Boathouse	2026-02-19	evening	11
103	Kanyakumari	Sunrise Point	2026-02-27	morning	4
104	Kanyakumari	Kanyakumari Beach	2026-02-27	morning	4
105	Tirunelveli	Kalakad Mundanthurai Tiger Reserve	2026-04-07	morning	2
106	Tirunelveli	Manimuthar Falls	2026-04-07	morning	2
107	Tirunelveli	Courtallam Falls	2026-04-07	morning	2
108	Tirunelveli	Manimuthar Falls	2026-04-05	morning	1
109	Tirunelveli	Nellaiappar Temple	2026-04-05	morning	1
110	Tirunelveli	Kalakad Mundanthurai Tiger Reserve	2026-04-05	morning	1
111	Kodaikanal	Pillar Rocks	2026-04-14	evening	4
112	Kodaikanal	Coaker's Walk	2026-04-14	evening	4
113	Kodaikanal	Dolphin's Nose	2026-04-14	evening	4
114	Kanyakumari	Padmanabhapuram Palace	2026-04-16	evening	4
115	Kanyakumari	Suchindram Temple	2026-04-16	evening	4
116	Kanyakumari	Gandhi Memorial	2026-04-16	evening	4
117	Kanyakumari	Sunrise Point	2026-04-16	evening	4
118	Tirunelveli	Nellaiappar Temple	2026-03-01	morning	1
119	Tirunelveli	Courtallam Falls	2026-03-01	morning	1
120	Tirunelveli	Koonthankulam Bird Sanctuary	2026-03-01	morning	1
121	Tirunelveli	Manimuthar Falls	2026-03-01	morning	1
122	Madurai	Thiruparankundram	2026-04-11	noon	2
123	Madurai	Koodal Azhagar Temple	2026-04-11	noon	2
124	Madurai	Gandhi Memorial Museum	2026-04-11	noon	2
125	Madurai	Meenakshi Amman Temple	2026-04-11	noon	2
126	Ooty	Botanical Gardens	2026-03-16	noon	4
127	Ooty	Ooty Lake	2026-03-16	noon	4
128	Ooty	Mudumalai National Park	2026-03-16	noon	4
129	Ooty	Rose Garden	2026-03-16	noon	4
130	Kanyakumari	Vivekananda Rock Memorial	2026-03-05	noon	5
131	Kanyakumari	Thiruvalluvar Statue	2026-03-05	noon	5
132	Erode	Chennimalai Murugan Temple	2026-02-23	evening	4
133	Erode	Bhavani Sangameswarar Temple	2026-02-23	evening	4
134	Erode	Vellode Bird Sanctuary	2026-02-23	evening	4
135	Erode	Bannari Amman Temple	2026-02-23	evening	4
136	Coimbatore	Perur Pateeswarar Temple	2026-04-13	morning	2
137	Coimbatore	Marudhamalai Temple	2026-04-13	morning	2
138	Coimbatore	Isha Yoga Center	2026-04-13	morning	2
139	Chennai	Marina Beach	2026-03-13	evening	1
140	Chennai	Kapaleeshwarar Temple	2026-03-13	evening	1
141	Chennai	Guindy National Park	2026-03-13	evening	1
142	Ooty	Botanical Gardens	2026-04-07	noon	1
143	Ooty	Ooty Lake	2026-04-07	noon	1
144	Ooty	Rose Garden	2026-04-07	noon	1
145	Ooty	Doddabetta Peak	2026-04-07	noon	1
146	Thanjavur	Saraswathi Mahal Library	2026-03-13	morning	5
147	Thanjavur	Thanjavur Palace	2026-03-13	morning	5
148	Rameswaram	Dhanushkodi Beach	2026-04-09	noon	4
149	Rameswaram	Gandhamadhana Parvatham	2026-04-09	noon	4
150	Rameswaram	Jada Tirtham	2026-04-09	noon	4
151	Rameswaram	Ramanathaswamy Temple	2026-04-09	noon	4
152	Tirunelveli	Koonthankulam Bird Sanctuary	2026-04-10	evening	1
153	Tirunelveli	Kalakad Mundanthurai Tiger Reserve	2026-04-10	evening	1
154	Kodaikanal	Bryant Park	2026-03-23	evening	5
155	Kodaikanal	Coaker's Walk	2026-03-23	evening	5
156	Kodaikanal	Guna Caves	2026-03-23	evening	5
157	Chennai	Birla Planetarium	2026-04-01	morning	5
158	Chennai	Kapaleeshwarar Temple	2026-04-01	morning	5
159	Chennai	San Thome Basilica	2026-04-01	morning	5
160	Chennai	Government Museum	2026-04-01	morning	5
161	Erode	Bannari Amman Temple	2026-04-14	morning	4
162	Erode	Vellode Bird Sanctuary	2026-04-14	morning	4
163	Erode	Kodiveri Dam	2026-04-14	morning	4
164	Erode	Bhavani Sangameswarar Temple	2026-04-14	morning	4
165	Salem	1008 Lingam Temple	2026-02-22	morning	3
166	Salem	Jarugumalai Temple	2026-02-22	morning	3
167	Salem	Mettur Dam	2026-02-22	morning	3
168	Salem	Kolli Hills	2026-02-22	morning	3
169	Salem	Yercaud Hill Station	2026-03-27	morning	2
170	Salem	Kolli Hills	2026-03-27	morning	2
171	Salem	Mettur Dam	2026-03-27	morning	2
172	Salem	Jarugumalai Temple	2026-03-27	morning	2
173	Vellore	Golden Temple (Sripuram)	2026-03-20	morning	3
174	Vellore	Amirthi Zoological Park	2026-03-20	morning	3
175	Vellore	Ratnagiri Murugan Temple	2026-03-20	morning	3
176	Vellore	Vellore Fort	2026-03-20	morning	3
74	Mahabalipuram	Arjuna's Penance	2026-03-07	morning	9
177	Mahabalipuram	Shore Temple	2026-03-07	morning	5
178	Kanyakumari	Padmanabhapuram Palace	2026-02-19	evening	4
179	Kanyakumari	Sunrise Point	2026-02-19	evening	4
180	Kanyakumari	Gandhi Memorial	2026-02-19	evening	4
181	Kanyakumari	Suchindram Temple	2026-04-17	morning	2
182	Kanyakumari	Padmanabhapuram Palace	2026-04-17	morning	2
183	Salem	Yercaud Hill Station	2026-03-18	morning	5
184	Salem	Kolli Hills	2026-03-18	morning	5
185	Salem	Mettur Dam	2026-03-18	morning	5
186	Mahabalipuram	Tiger Cave	2026-04-17	noon	3
187	Mahabalipuram	Varaha Cave Temple	2026-04-17	noon	3
188	Mahabalipuram	Descent of the Ganges	2026-04-17	noon	3
189	Mahabalipuram	Krishna's Butter Ball	2026-04-17	noon	3
190	Vellore	Vellore Fort	2026-03-26	noon	4
191	Vellore	Jalakandeswarar Temple	2026-03-26	noon	4
192	Vellore	Ratnagiri Murugan Temple	2026-03-26	noon	4
193	Erode	Vellode Bird Sanctuary	2026-03-24	evening	4
194	Erode	Kodiveri Dam	2026-03-24	evening	4
195	Dindigul	Begambur Big Mosque	2026-03-08	noon	3
196	Dindigul	Thadikombu Perumal Temple	2026-03-08	noon	3
197	Dindigul	Kamakshi Amman Temple	2026-03-08	noon	3
198	Kodaikanal	Silver Cascade Falls	2026-03-29	morning	5
199	Kodaikanal	Guna Caves	2026-03-29	morning	5
200	Kodaikanal	Kodai Lake	2026-03-29	morning	5
201	Kodaikanal	Dolphin's Nose	2026-03-29	morning	5
202	Thanjavur	Brihadeeswarar Temple	2026-03-09	evening	2
203	Thanjavur	Sivaganga Park	2026-03-09	evening	2
204	Thanjavur	Thanjavur Palace	2026-03-09	evening	2
205	Rameswaram	Jada Tirtham	2026-02-28	evening	2
206	Rameswaram	Ramanathaswamy Temple	2026-02-28	evening	2
207	Rameswaram	Pamban Bridge	2026-02-28	evening	2
208	Chennai	Marina Beach	2026-04-18	evening	1
209	Chennai	Kapaleeshwarar Temple	2026-04-18	evening	1
210	Chennai	Fort St. George	2026-04-18	evening	1
211	Coimbatore	Velliangiri Hills	2026-03-23	noon	5
212	Coimbatore	Marudhamalai Temple	2026-03-23	noon	5
213	Coimbatore	Isha Yoga Center	2026-03-23	noon	5
214	Tiruchirappalli	Vekkaliamman Temple	2026-03-01	morning	3
215	Tiruchirappalli	Jambukeswarar Temple	2026-03-01	morning	3
216	Tiruchirappalli	Rock Fort Temple	2026-03-01	morning	3
217	Tiruchirappalli	Srirangam Temple	2026-03-01	morning	3
218	Thanjavur	Brihadeeswarar Temple	2026-04-05	morning	2
219	Thanjavur	Vijayanagara Fort	2026-04-05	morning	2
220	Tirunelveli	Nellaiappar Temple	2026-04-17	morning	1
221	Tirunelveli	Courtallam Falls	2026-04-17	morning	1
222	Kodaikanal	Bear Shola Falls	2026-02-26	evening	2
223	Kodaikanal	Bryant Park	2026-02-26	evening	2
224	Tirunelveli	Koonthankulam Bird Sanctuary	2026-03-04	noon	4
225	Tirunelveli	Manimuthar Falls	2026-03-04	noon	4
226	Chennai	Marina Beach	2026-04-17	evening	5
227	Chennai	Valluvar Kottam	2026-04-17	evening	5
228	Chennai	San Thome Basilica	2026-04-17	evening	5
229	Chennai	Guindy National Park	2026-04-17	evening	5
230	Dindigul	Thadikombu Perumal Temple	2026-03-10	evening	4
231	Dindigul	Sirumalai Hills	2026-03-10	evening	4
232	Dindigul	Dindigul Fort	2026-03-10	evening	4
233	Dindigul	Kodaikanal	2026-03-10	evening	4
234	Tirunelveli	Nellaiappar Temple	2026-03-22	evening	4
235	Tirunelveli	Courtallam Falls	2026-03-22	evening	4
236	Tirunelveli	Kalakad Mundanthurai Tiger Reserve	2026-03-22	evening	4
237	Vellore	Golden Temple (Sripuram)	2026-03-07	morning	3
238	Vellore	Jalakandeswarar Temple	2026-03-07	morning	3
239	Vellore	Yelagiri Hills	2026-03-07	morning	3
240	Vellore	Ratnagiri Murugan Temple	2026-03-07	morning	3
241	Rameswaram	Agnitheertham	2026-04-06	evening	2
242	Rameswaram	Dhanushkodi Beach	2026-04-06	evening	2
243	Coimbatore	Marudhamalai Temple	2026-04-12	morning	4
244	Coimbatore	Isha Yoga Center	2026-04-12	morning	4
245	Coimbatore	Kovai Kondattam	2026-04-12	morning	4
246	Tiruchirappalli	Mukkombu Dam	2026-03-03	evening	1
247	Tiruchirappalli	Rock Fort Temple	2026-03-03	evening	1
248	Coimbatore	Siruvani Waterfalls	2026-02-28	evening	2
249	Coimbatore	Kovai Kondattam	2026-02-28	evening	2
250	Coimbatore	Perur Pateeswarar Temple	2026-02-28	evening	2
251	Coimbatore	Isha Yoga Center	2026-02-28	evening	2
252	Rameswaram	Ramanathaswamy Temple	2026-04-11	morning	4
253	Rameswaram	Dhanushkodi Beach	2026-04-11	morning	4
254	Rameswaram	Villondi Tirtham	2026-04-11	morning	4
255	Kodaikanal	Silver Cascade Falls	2026-03-15	evening	3
256	Kodaikanal	Pillar Rocks	2026-03-15	evening	3
257	Kodaikanal	Guna Caves	2026-03-15	evening	3
258	Kanyakumari	Gandhi Memorial	2026-03-10	evening	2
259	Kanyakumari	Vivekananda Rock Memorial	2026-03-10	evening	2
260	Kanyakumari	Thiruvalluvar Statue	2026-03-10	evening	2
261	Tiruchirappalli	Samayapuram Mariamman Temple	2026-03-04	morning	2
262	Tiruchirappalli	Rock Fort Temple	2026-03-04	morning	2
263	Tiruchirappalli	Srirangam Temple	2026-03-04	morning	2
264	Tirunelveli	Nellaiappar Temple	2026-03-09	evening	3
265	Tirunelveli	Kalakad Mundanthurai Tiger Reserve	2026-03-09	evening	3
266	Tirunelveli	Manimuthar Falls	2026-03-09	evening	3
267	Salem	1008 Lingam Temple	2026-04-03	evening	4
268	Salem	Jarugumalai Temple	2026-04-03	evening	4
269	Salem	Kurumbapatti Zoological Park	2026-04-03	evening	4
270	Thanjavur	Schwartz Church	2026-04-03	morning	5
271	Thanjavur	Saraswathi Mahal Library	2026-04-03	morning	5
272	Thanjavur	Sivaganga Park	2026-04-03	morning	5
273	Thanjavur	Thanjavur Palace	2026-04-03	morning	5
274	Salem	Yercaud Hill Station	2026-04-07	morning	2
275	Salem	Kurumbapatti Zoological Park	2026-04-07	morning	2
276	Salem	Kolli Hills	2026-04-07	morning	2
277	Kodaikanal	Bryant Park	2026-04-10	evening	2
278	Kodaikanal	Dolphin's Nose	2026-04-10	evening	2
279	Kodaikanal	Silver Cascade Falls	2026-04-10	evening	2
280	Kodaikanal	Coaker's Walk	2026-04-10	evening	2
281	Thanjavur	Sivaganga Park	2026-03-03	morning	1
282	Thanjavur	Thanjavur Palace	2026-03-03	morning	1
283	Coimbatore	Siruvani Waterfalls	2026-03-28	noon	5
284	Coimbatore	Kovai Kondattam	2026-03-28	noon	5
285	Dindigul	Thadikombu Perumal Temple	2026-03-14	evening	1
286	Dindigul	Sirumalai Hills	2026-03-14	evening	1
287	Salem	1008 Lingam Temple	2026-03-15	morning	2
288	Salem	Kurumbapatti Zoological Park	2026-03-15	morning	2
289	Salem	Jarugumalai Temple	2026-03-11	evening	5
290	Salem	Mettur Dam	2026-03-11	evening	5
291	Vellore	Yelagiri Hills	2026-03-10	evening	4
292	Vellore	Vellore Fort	2026-03-10	evening	4
293	Vellore	Jalakandeswarar Temple	2026-03-10	evening	4
294	Dindigul	Begambur Big Mosque	2026-04-05	noon	5
295	Dindigul	Thadikombu Perumal Temple	2026-04-05	noon	5
296	Rameswaram	Agnitheertham	2026-02-24	noon	1
297	Rameswaram	Dhanushkodi Beach	2026-02-24	noon	1
298	Rameswaram	Jada Tirtham	2026-02-24	noon	1
299	Madurai	Alagar Kovil	2026-03-13	noon	3
300	Madurai	Thirumalai Nayakkar Palace	2026-03-13	noon	3
301	Madurai	Thiruparankundram	2026-03-13	noon	3
302	Madurai	Meenakshi Amman Temple	2026-03-13	noon	3
303	Erode	Bhavani Sangameswarar Temple	2026-03-10	noon	1
304	Erode	Kodiveri Dam	2026-03-10	noon	1
305	Erode	Chennimalai Murugan Temple	2026-03-10	noon	1
306	Erode	Bannari Amman Temple	2026-03-10	noon	1
307	Dindigul	Begambur Big Mosque	2026-04-12	noon	2
308	Dindigul	Kodaikanal	2026-04-12	noon	2
309	Dindigul	Sirumalai Hills	2026-04-12	noon	2
310	Thanjavur	Saraswathi Mahal Library	2026-03-11	morning	2
311	Thanjavur	Vijayanagara Fort	2026-03-11	morning	2
312	Thanjavur	Thanjavur Palace	2026-03-11	morning	2
313	Tiruchirappalli	Srirangam Temple	2026-03-23	morning	2
314	Tiruchirappalli	Rock Fort Temple	2026-03-23	morning	2
315	Tiruchirappalli	Jambukeswarar Temple	2026-03-23	morning	2
317	Mahabalipuram	Varaha Cave Temple	2026-02-22	morning	5
318	Mahabalipuram	Descent of the Ganges	2026-02-22	morning	5
319	Rameswaram	Gandhamadhana Parvatham	2026-04-17	morning	1
320	Rameswaram	Villondi Tirtham	2026-04-17	morning	1
321	Rameswaram	Pamban Bridge	2026-04-17	morning	1
322	Rameswaram	Agnitheertham	2026-04-17	morning	1
323	Kodaikanal	Coaker's Walk	2026-03-28	morning	5
324	Kodaikanal	Pillar Rocks	2026-03-28	morning	5
325	Kodaikanal	Bryant Park	2026-03-28	morning	5
326	Kodaikanal	Dolphin's Nose	2026-03-28	morning	5
327	Salem	Mettur Dam	2026-03-28	morning	3
328	Salem	Kolli Hills	2026-03-28	morning	3
329	Salem	1008 Lingam Temple	2026-03-28	morning	3
330	Salem	Yercaud Hill Station	2026-03-28	morning	3
331	Tiruchirappalli	Rock Fort Temple	2026-04-01	noon	5
332	Tiruchirappalli	Samayapuram Mariamman Temple	2026-04-01	noon	5
333	Thanjavur	Brihadeeswarar Temple	2026-03-14	evening	5
334	Thanjavur	Thanjavur Palace	2026-03-14	evening	5
335	Thanjavur	Saraswathi Mahal Library	2026-03-14	evening	5
336	Thanjavur	Schwartz Church	2026-03-14	evening	5
337	Salem	Kolli Hills	2026-03-16	morning	4
338	Salem	Mettur Dam	2026-03-16	morning	4
339	Rameswaram	Jada Tirtham	2026-04-18	evening	3
340	Rameswaram	Ramanathaswamy Temple	2026-04-18	evening	3
341	Erode	Bhavani Sangameswarar Temple	2026-03-31	morning	5
342	Erode	Vellode Bird Sanctuary	2026-03-31	morning	5
343	Vellore	Golden Temple (Sripuram)	2026-04-08	morning	5
344	Vellore	Ratnagiri Murugan Temple	2026-04-08	morning	5
345	Tirunelveli	Kalakad Mundanthurai Tiger Reserve	2026-03-17	evening	3
346	Tirunelveli	Manimuthar Falls	2026-03-17	evening	3
347	Tirunelveli	Koonthankulam Bird Sanctuary	2026-03-17	evening	3
348	Tirunelveli	Courtallam Falls	2026-03-17	evening	3
349	Kanyakumari	Sunrise Point	2026-04-06	morning	4
350	Kanyakumari	Kanyakumari Beach	2026-04-06	morning	4
351	Kanyakumari	Gandhi Memorial	2026-04-06	morning	4
352	Kanyakumari	Thiruvalluvar Statue	2026-04-06	morning	4
353	Coimbatore	Anamalai Tiger Reserve	2026-04-07	morning	2
354	Coimbatore	Perur Pateeswarar Temple	2026-04-07	morning	2
355	Tirunelveli	Koonthankulam Bird Sanctuary	2026-03-02	morning	4
356	Tirunelveli	Manimuthar Falls	2026-03-02	morning	4
357	Tirunelveli	Courtallam Falls	2026-03-02	morning	4
358	Tirunelveli	Kalakad Mundanthurai Tiger Reserve	2026-03-02	morning	4
359	Kanyakumari	Kanyakumari Beach	2026-03-28	morning	5
360	Kanyakumari	Thiruvalluvar Statue	2026-03-28	morning	5
361	Tiruchirappalli	Samayapuram Mariamman Temple	2026-03-09	morning	1
362	Tiruchirappalli	Mukkombu Dam	2026-03-09	morning	1
363	Tiruchirappalli	Rock Fort Temple	2026-03-09	morning	1
364	Tiruchirappalli	Srirangam Temple	2026-03-09	morning	1
365	Coimbatore	Velliangiri Hills	2026-03-17	morning	5
366	Coimbatore	Anamalai Tiger Reserve	2026-03-17	morning	5
367	Coimbatore	Siruvani Waterfalls	2026-03-17	morning	5
368	Tiruchirappalli	Samayapuram Mariamman Temple	2026-04-09	evening	3
369	Tiruchirappalli	Mukkombu Dam	2026-04-09	evening	3
370	Mahabalipuram	Tiger Cave	2026-02-27	noon	5
371	Mahabalipuram	Arjuna's Penance	2026-02-27	noon	5
372	Mahabalipuram	Pancha Rathas	2026-04-09	morning	2
373	Mahabalipuram	Shore Temple	2026-04-09	morning	2
374	Mahabalipuram	Shore Temple	2026-03-02	morning	2
375	Mahabalipuram	Pancha Rathas	2026-03-02	morning	2
376	Mahabalipuram	Arjuna's Penance	2026-03-02	morning	2
377	Mahabalipuram	Krishna's Butter Ball	2026-03-02	morning	2
378	Erode	Chennimalai Murugan Temple	2026-04-18	morning	4
379	Erode	Bannari Amman Temple	2026-04-18	morning	4
380	Tiruchirappalli	Jambukeswarar Temple	2026-04-18	noon	2
381	Tiruchirappalli	Thiruvanaikaval	2026-04-18	noon	2
382	Tiruchirappalli	Samayapuram Mariamman Temple	2026-04-18	noon	2
383	Tiruchirappalli	Vekkaliamman Temple	2026-04-18	noon	2
384	Tiruchirappalli	Mukkombu Dam	2026-04-14	morning	5
385	Tiruchirappalli	Samayapuram Mariamman Temple	2026-04-14	morning	5
386	Vellore	Golden Temple (Sripuram)	2026-03-29	evening	3
387	Vellore	Jalakandeswarar Temple	2026-03-29	evening	3
388	Erode	Bhavani Sangameswarar Temple	2026-03-25	morning	2
389	Erode	Kodiveri Dam	2026-03-25	morning	2
390	Erode	Chennimalai Murugan Temple	2026-03-25	morning	2
391	Erode	Vellode Bird Sanctuary	2026-03-25	morning	2
392	Erode	Chennimalai Murugan Temple	2026-03-18	evening	1
393	Erode	Bhavani Sangameswarar Temple	2026-03-18	evening	1
394	Erode	Vellode Bird Sanctuary	2026-03-18	evening	1
395	Erode	Bannari Amman Temple	2026-03-18	evening	1
396	Ooty	Tea Museum	2026-04-12	morning	1
397	Ooty	Pykara Falls	2026-04-12	morning	1
398	Tirunelveli	Courtallam Falls	2026-03-04	morning	1
399	Tirunelveli	Kalakad Mundanthurai Tiger Reserve	2026-03-04	morning	1
400	Madurai	Thiruparankundram	2026-03-31	evening	5
401	Madurai	Gandhi Memorial Museum	2026-03-31	evening	5
402	Madurai	Thirumalai Nayakkar Palace	2026-03-31	evening	5
403	Rameswaram	Pamban Bridge	2026-04-07	morning	1
404	Rameswaram	Ramanathaswamy Temple	2026-04-07	morning	1
405	Rameswaram	Jada Tirtham	2026-04-07	morning	1
406	Tiruchirappalli	Srirangam Temple	2026-04-13	evening	1
407	Tiruchirappalli	Rock Fort Temple	2026-04-13	evening	1
408	Tiruchirappalli	Jambukeswarar Temple	2026-04-13	evening	1
409	Tiruchirappalli	Mukkombu Dam	2026-04-13	evening	1
410	Tirunelveli	Papanasam Dam	2026-04-13	noon	1
411	Tirunelveli	Koonthankulam Bird Sanctuary	2026-04-13	noon	1
412	Tirunelveli	Kalakad Mundanthurai Tiger Reserve	2026-04-13	noon	1
413	Tirunelveli	Manimuthar Falls	2026-04-13	noon	1
414	Erode	Bhavani Sangameswarar Temple	2026-04-02	noon	1
415	Erode	Vellode Bird Sanctuary	2026-04-02	noon	1
416	Kanyakumari	Gandhi Memorial	2026-03-03	morning	1
417	Kanyakumari	Suchindram Temple	2026-03-03	morning	1
418	Ooty	Pykara Falls	2026-03-25	morning	4
419	Ooty	Mudumalai National Park	2026-03-25	morning	4
420	Thanjavur	Thanjavur Palace	2026-04-17	morning	2
421	Thanjavur	Schwartz Church	2026-04-17	morning	2
422	Thanjavur	Sivaganga Park	2026-04-17	morning	2
423	Rameswaram	Ramanathaswamy Temple	2026-03-12	noon	5
424	Rameswaram	Dhanushkodi Beach	2026-03-12	noon	5
425	Rameswaram	Jada Tirtham	2026-03-12	noon	5
426	Kanyakumari	Gandhi Memorial	2026-04-02	evening	1
427	Kanyakumari	Sunrise Point	2026-04-02	evening	1
428	Kanyakumari	Padmanabhapuram Palace	2026-04-02	evening	1
429	Rameswaram	Villondi Tirtham	2026-04-06	noon	1
430	Rameswaram	Agnitheertham	2026-04-06	noon	1
431	Rameswaram	Pamban Bridge	2026-04-06	noon	1
432	Rameswaram	Dhanushkodi Beach	2026-04-06	noon	1
433	Chennai	Marina Beach	2026-03-18	noon	3
434	Chennai	Fort St. George	2026-03-18	noon	3
435	Chennai	Kapaleeshwarar Temple	2026-03-18	noon	3
436	Chennai	Birla Planetarium	2026-03-18	noon	3
437	Vellore	Jalakandeswarar Temple	2026-03-03	morning	4
438	Vellore	Vellore Fort	2026-03-03	morning	4
439	Ooty	Botanical Gardens	2026-04-05	evening	5
440	Ooty	Tea Museum	2026-04-05	evening	5
441	Salem	Kolli Hills	2026-04-09	noon	4
442	Salem	Yercaud Hill Station	2026-04-09	noon	4
443	Salem	1008 Lingam Temple	2026-04-09	noon	4
444	Salem	Jarugumalai Temple	2026-04-09	noon	4
445	Kanyakumari	Kanyakumari Beach	2026-04-04	noon	4
446	Kanyakumari	Thiruvalluvar Statue	2026-04-04	noon	4
447	Kanyakumari	Gandhi Memorial	2026-04-04	noon	4
448	Kanyakumari	Suchindram Temple	2026-04-04	noon	4
449	Ooty	Botanical Gardens	2026-03-30	evening	5
452	Coimbatore	Anamalai Tiger Reserve	2026-03-02	noon	1
453	Coimbatore	Siruvani Waterfalls	2026-03-02	noon	1
454	Coimbatore	Kovai Kondattam	2026-03-02	noon	1
455	Salem	Yercaud Hill Station	2026-02-28	evening	3
456	Salem	Kolli Hills	2026-02-28	evening	3
457	Salem	Mettur Dam	2026-02-28	evening	3
458	Salem	Jarugumalai Temple	2026-02-28	evening	3
459	Ooty	Doddabetta Peak	2026-03-03	noon	4
460	Ooty	Botanical Gardens	2026-03-03	noon	4
461	Ooty	Pykara Falls	2026-03-03	noon	4
462	Thanjavur	Brihadeeswarar Temple	2026-03-15	evening	1
463	Thanjavur	Thanjavur Palace	2026-03-15	evening	1
464	Madurai	Vaigai Dam	2026-02-28	noon	1
465	Madurai	Meenakshi Amman Temple	2026-02-28	noon	1
466	Madurai	Thirumalai Nayakkar Palace	2026-02-28	noon	1
467	Madurai	Meenakshi Amman Temple	2026-03-19	evening	4
468	Madurai	Vaigai Dam	2026-03-19	evening	4
469	Erode	Vellode Bird Sanctuary	2026-04-07	noon	4
470	Erode	Bannari Amman Temple	2026-04-07	noon	4
471	Tirunelveli	Koonthankulam Bird Sanctuary	2026-03-16	evening	2
472	Tirunelveli	Manimuthar Falls	2026-03-16	evening	2
473	Tirunelveli	Courtallam Falls	2026-03-16	evening	2
450	Ooty	Emerald Lake	2026-03-30	evening	6
474	Ooty	Pykara Falls	2026-03-30	evening	1
451	Ooty	Doddabetta Peak	2026-03-30	evening	6
475	Vellore	Yelagiri Hills	2026-04-02	evening	2
476	Vellore	Vellore Fort	2026-04-02	evening	2
477	Mahabalipuram	Tiger Cave	2026-03-30	noon	3
478	Mahabalipuram	Shore Temple	2026-03-30	noon	3
479	Mahabalipuram	Krishna's Butter Ball	2026-03-30	noon	3
480	Kanyakumari	Suchindram Temple	2026-03-20	noon	2
481	Kanyakumari	Sunrise Point	2026-03-20	noon	2
482	Kanyakumari	Vivekananda Rock Memorial	2026-03-20	noon	2
483	Kanyakumari	Thiruvalluvar Statue	2026-03-20	noon	2
484	Madurai	Vaigai Dam	2026-03-16	evening	5
485	Madurai	Thiruparankundram	2026-03-16	evening	5
486	Thanjavur	Vijayanagara Fort	2026-03-07	morning	5
487	Thanjavur	Schwartz Church	2026-03-07	morning	5
488	Tirunelveli	Courtallam Falls	2026-04-19	noon	1
489	Tirunelveli	Manimuthar Falls	2026-04-19	noon	1
490	Tirunelveli	Nellaiappar Temple	2026-04-19	noon	1
491	Tirunelveli	Kalakad Mundanthurai Tiger Reserve	2026-04-19	noon	1
492	Vellore	Golden Temple (Sripuram)	2026-03-28	noon	4
493	Vellore	Vellore Fort	2026-03-28	noon	4
494	Vellore	Jalakandeswarar Temple	2026-03-28	noon	4
495	Erode	Vellode Bird Sanctuary	2026-04-01	noon	3
496	Erode	Bhavani Sangameswarar Temple	2026-04-01	noon	3
497	Coimbatore	Marudhamalai Temple	2026-04-06	noon	3
498	Coimbatore	Isha Yoga Center	2026-04-06	noon	3
499	Coimbatore	Kovai Kondattam	2026-04-06	noon	3
500	Coimbatore	Siruvani Waterfalls	2026-04-06	noon	3
316	Tiruchirappalli	Vekkaliamman Temple	2026-03-23	morning	5
501	Tiruchirappalli	Mukkombu Dam	2026-03-23	morning	3
502	Tiruchirappalli	Samayapuram Mariamman Temple	2026-03-23	morning	3
503	Erode	Bannari Amman Temple	2026-03-09	noon	3
504	Erode	Bhavani Sangameswarar Temple	2026-03-09	noon	3
505	Coimbatore	Velliangiri Hills	2026-03-06	morning	5
506	Coimbatore	Perur Pateeswarar Temple	2026-03-06	morning	5
507	Coimbatore	Siruvani Waterfalls	2026-03-06	morning	5
508	Ooty	Doddabetta Peak	2026-04-03	noon	3
509	Ooty	Mudumalai National Park	2026-04-03	noon	3
510	Kodaikanal	Guna Caves	2026-03-12	noon	1
511	Kodaikanal	Bear Shola Falls	2026-03-12	noon	1
512	Kodaikanal	Dolphin's Nose	2026-03-12	noon	1
\.


--
-- Data for Name: resources; Type: TABLE DATA; Schema: public; Owner: suthikshaaghoram
--

COPY public.resources (id, provider_id, business_name, category, location, contact, description, availability, emergency_service, created_at) FROM stdin;
\.


--
-- Data for Name: trips; Type: TABLE DATA; Schema: public; Owner: suthikshaaghoram
--

COPY public.trips (id, user_id, origin, destination, travel_date, return_date, transport_mode, travellers_count, created_at) FROM stdin;
1	2	Mayiladuthurai	Kodaikanal	18/02/2026, 06:07 PM	21/02/2026	Car	5	2026-02-18 18:08:32.367653
2	6	Madurai	Kodaikanal	20/02/2026	\N	Car	4	2026-02-19 09:16:46.501431
3	6	Ooty	Kodaikanal	18/03/2026	\N	Car	3	2026-02-19 09:16:46.512
4	6	Chennai	Kodaikanal	16/03/2026	\N	Car	2	2026-02-19 09:16:46.514256
5	7	Kanyakumari	Kodaikanal	23/02/2026	\N	Car	4	2026-02-19 09:16:46.517297
6	7	Madurai	Kodaikanal	20/03/2026	\N	Car	3	2026-02-19 09:16:46.519931
7	8	Munnar	Kodaikanal	12/03/2026	\N	Car	2	2026-02-19 09:16:46.521774
8	8	Kanyakumari	Kanyakumari	21/02/2026	\N	Car	1	2026-02-19 09:16:46.524787
9	8	Coimbatore	Madurai	08/03/2026	\N	Car	4	2026-02-19 09:16:46.525594
10	9	Kanyakumari	Kodaikanal	18/03/2026	\N	Car	2	2026-02-19 09:16:46.526396
11	10	Ooty	Coimbatore	15/03/2026	\N	Car	1	2026-02-19 09:16:46.527953
12	10	Munnar	Kanyakumari	17/03/2026	\N	Car	4	2026-02-19 09:16:46.52882
13	10	Chennai	Kodaikanal	15/03/2026	\N	Car	2	2026-02-19 09:16:46.529892
14	11	Madurai	Kodaikanal	09/03/2026	\N	Car	2	2026-02-19 09:16:46.533263
15	11	Munnar	Kodaikanal	14/03/2026	\N	Car	3	2026-02-19 09:16:46.535061
16	12	Madurai	Chennai	02/03/2026	\N	Car	1	2026-02-19 09:16:46.536228
17	12	Chennai	Kodaikanal	27/02/2026	\N	Car	4	2026-02-19 09:16:46.5369
18	12	Kodaikanal	Chennai	09/03/2026	\N	Car	3	2026-02-19 09:16:46.538593
19	13	Munnar	Kodaikanal	19/02/2026	\N	Car	4	2026-02-19 09:16:46.539407
20	13	Madurai	Chennai	21/02/2026	\N	Car	4	2026-02-19 09:16:46.54108
21	14	Coimbatore	Kanyakumari	28/02/2026	\N	Car	1	2026-02-19 09:16:46.541945
22	14	Chennai	Kodaikanal	04/03/2026	\N	Car	1	2026-02-19 09:16:46.543091
23	15	Kanyakumari	Coimbatore	06/03/2026	\N	Car	4	2026-02-19 09:16:46.544638
24	16	Kodaikanal	Kodaikanal	02/03/2026	\N	Car	2	2026-02-19 09:16:46.545509
25	17	Coimbatore	Coimbatore	13/03/2026	\N	Car	1	2026-02-19 09:16:46.547875
26	17	Chennai	Kodaikanal	26/02/2026	\N	Car	2	2026-02-19 09:16:46.549323
27	18	Ooty	Kodaikanal	06/03/2026	\N	Car	2	2026-02-19 09:16:46.551277
28	19	Coimbatore	Kodaikanal	15/03/2026	\N	Car	2	2026-02-19 09:16:46.55326
29	20	Coimbatore	Ooty	20/03/2026	\N	Car	4	2026-02-19 09:16:46.555126
30	20	Kanyakumari	Kodaikanal	18/03/2026	\N	Car	1	2026-02-19 09:16:46.555945
31	20	Chennai	Kodaikanal	25/02/2026	\N	Car	4	2026-02-19 09:16:46.558679
32	21	Kanyakumari	Munnar	03/03/2026	\N	Car	2	2026-02-19 09:16:46.56013
33	21	Madurai	Kodaikanal	28/02/2026	\N	Car	1	2026-02-19 09:16:46.560829
34	21	Ooty	Kodaikanal	05/03/2026	\N	Car	3	2026-02-19 09:16:46.562673
35	22	Chennai	Kodaikanal	01/03/2026	\N	Car	3	2026-02-19 09:16:46.564662
36	23	Kodaikanal	Kodaikanal	04/03/2026	\N	Car	4	2026-02-19 09:16:46.567548
37	24	Ooty	Munnar	07/03/2026	\N	Car	1	2026-02-19 09:16:46.570831
38	24	Ooty	Kodaikanal	19/02/2026	\N	Car	4	2026-02-19 09:16:46.572252
39	25	Coimbatore	Kodaikanal	10/03/2026	\N	Car	4	2026-02-19 09:16:46.573853
40	25	Kodaikanal	Kodaikanal	14/03/2026	\N	Car	4	2026-02-19 09:16:46.575196
41	25	Chennai	Chennai	12/03/2026	\N	Car	1	2026-02-19 09:16:46.576651
42	26	Coimbatore	Kanyakumari	24/02/2026	\N	Car	1	2026-02-19 09:16:46.57743
43	26	Madurai	Kodaikanal	03/03/2026	\N	Car	3	2026-02-19 09:16:46.578271
44	27	Chennai	Kodaikanal	16/03/2026	\N	Car	4	2026-02-19 09:16:46.579822
45	28	Kanyakumari	Kodaikanal	11/03/2026	\N	Car	4	2026-02-19 09:16:46.582093
46	29	Munnar	Munnar	03/03/2026	\N	Car	3	2026-02-19 09:16:46.584659
47	29	Kodaikanal	Kodaikanal	19/02/2026	\N	Car	2	2026-02-19 09:16:46.585508
48	29	Ooty	Kanyakumari	03/03/2026	\N	Car	1	2026-02-19 09:16:46.587238
49	30	Chennai	Kodaikanal	17/03/2026	\N	Car	3	2026-02-19 09:16:46.588172
50	31	Kanyakumari	Kodaikanal	16/03/2026	\N	Car	4	2026-02-19 09:16:46.589995
51	31	Coimbatore	Ooty	16/03/2026	\N	Car	2	2026-02-19 09:16:46.592211
52	31	Ooty	Munnar	19/03/2026	\N	Car	3	2026-02-19 09:16:46.593051
53	32	Munnar	Kodaikanal	12/03/2026	\N	Car	3	2026-02-19 09:16:46.593811
54	32	Madurai	Kodaikanal	07/03/2026	\N	Car	2	2026-02-19 09:16:46.595316
55	33	Munnar	Munnar	14/03/2026	\N	Car	4	2026-02-19 09:16:46.596841
56	33	Kanyakumari	Kodaikanal	05/03/2026	\N	Car	2	2026-02-19 09:16:46.597632
57	34	Munnar	Kodaikanal	19/03/2026	\N	Car	2	2026-02-19 09:16:46.599461
58	34	Munnar	Madurai	20/02/2026	\N	Car	2	2026-02-19 09:16:46.601646
59	34	Ooty	Kanyakumari	07/03/2026	\N	Car	3	2026-02-19 09:16:46.60226
60	35	Coimbatore	Kanyakumari	07/03/2026	\N	Car	2	2026-02-19 09:16:46.602863
61	35	Kanyakumari	Kodaikanal	14/03/2026	\N	Car	2	2026-02-19 09:16:46.603845
62	36	Madurai	Kodaikanal	12/03/2026	\N	Car	1	2026-02-19 09:16:46.606427
63	36	Chennai	Kanyakumari	05/03/2026	\N	Car	2	2026-02-19 09:16:46.609838
64	37	Munnar	Kodaikanal	19/03/2026	\N	Car	3	2026-02-19 09:16:46.610923
65	38	Madurai	Kodaikanal	26/02/2026	\N	Car	4	2026-02-19 09:16:46.612888
66	39	Chennai	Munnar	27/02/2026	\N	Car	2	2026-02-19 09:16:46.614632
67	39	Munnar	Kodaikanal	26/02/2026	\N	Car	3	2026-02-19 09:16:46.615364
68	39	Kanyakumari	Chennai	03/03/2026	\N	Car	2	2026-02-19 09:16:46.616951
69	40	Kanyakumari	Kodaikanal	03/03/2026	\N	Car	4	2026-02-19 09:16:46.617686
70	40	Chennai	Munnar	14/03/2026	\N	Car	3	2026-02-19 09:16:46.619655
71	41	Madurai	Ooty	05/03/2026	\N	Car	4	2026-02-19 09:16:46.620434
72	41	Ooty	Kodaikanal	03/03/2026	\N	Car	3	2026-02-19 09:16:46.621171
73	41	Munnar	Kodaikanal	01/03/2026	\N	Car	3	2026-02-19 09:16:46.622484
74	42	Coimbatore	Kodaikanal	24/02/2026	\N	Car	1	2026-02-19 09:16:46.624002
75	43	Chennai	Kodaikanal	10/03/2026	\N	Car	2	2026-02-19 09:16:46.62551
76	43	Munnar	Ooty	21/02/2026	\N	Car	2	2026-02-19 09:16:46.627251
77	44	Madurai	Coimbatore	08/03/2026	\N	Car	4	2026-02-19 09:16:46.628182
78	44	Kodaikanal	Kanyakumari	14/03/2026	\N	Car	1	2026-02-19 09:16:46.629302
79	44	Munnar	Madurai	24/02/2026	\N	Car	3	2026-02-19 09:16:46.630384
80	45	Madurai	Kodaikanal	22/02/2026	\N	Car	1	2026-02-19 09:16:46.631132
81	46	Munnar	Kodaikanal	19/02/2026	\N	Car	4	2026-02-19 09:16:46.632526
82	46	Madurai	Kodaikanal	09/03/2026	\N	Car	1	2026-02-19 09:16:46.633792
83	46	Munnar	Kodaikanal	02/03/2026	\N	Car	4	2026-02-19 09:16:46.635229
84	47	Munnar	Kodaikanal	04/03/2026	\N	Car	2	2026-02-19 09:16:46.636862
85	47	Kanyakumari	Kodaikanal	17/03/2026	\N	Car	2	2026-02-19 09:16:46.638247
86	48	Ooty	Kodaikanal	23/02/2026	\N	Car	2	2026-02-19 09:16:46.639448
87	48	Ooty	Kodaikanal	23/02/2026	\N	Car	3	2026-02-19 09:16:46.640722
88	49	Munnar	Munnar	12/03/2026	\N	Car	1	2026-02-19 09:16:46.642741
89	49	Chennai	Kodaikanal	27/02/2026	\N	Car	3	2026-02-19 09:16:46.643467
90	49	Chennai	Kanyakumari	24/02/2026	\N	Car	4	2026-02-19 09:16:46.644719
91	50	Coimbatore	Kodaikanal	16/03/2026	\N	Car	3	2026-02-19 09:16:46.645485
92	50	Coimbatore	Ooty	12/03/2026	\N	Car	3	2026-02-19 09:16:46.647228
93	50	Chennai	Kodaikanal	16/03/2026	\N	Car	4	2026-02-19 09:16:46.647927
94	51	Chennai	Kodaikanal	02/03/2026	\N	Car	1	2026-02-19 09:16:46.649233
95	51	Coimbatore	Kodaikanal	23/02/2026	\N	Car	1	2026-02-19 09:16:46.650729
96	52	Kodaikanal	Kodaikanal	04/03/2026	\N	Car	2	2026-02-19 09:16:46.652221
97	53	Kodaikanal	Kanyakumari	04/03/2026	\N	Car	1	2026-02-19 09:16:46.653715
98	54	Ooty	Kodaikanal	20/02/2026	\N	Car	3	2026-02-19 09:16:46.654439
99	55	Kanyakumari	Kodaikanal	22/02/2026	\N	Car	3	2026-02-19 09:16:46.656139
100	55	Madurai	Kodaikanal	25/02/2026	\N	Car	1	2026-02-19 09:16:46.658284
101	56	Chennai	Kodaikanal	25/12/2026, 10:00 am	28/12/2026	Car	4	2026-02-19 10:32:52.104203
102	3	Boston	Concord	2026-02-20	2026-02-22	car	2	2026-02-19 13:11:35.866239
103	3	Boston	Concord	20/02/2026	22/02/2026	car	2	2026-02-19 13:11:47.984227
104	61	Tirupur	Chennai	10/04/2026	17/04/2026	Car	5	2026-02-19 13:16:21.880896
105	61	Pondicherry	Coimbatore	03/03/2026	08/03/2026	Car	3	2026-02-19 13:16:21.886505
106	61	Namakkal	Thanjavur	01/04/2026	06/04/2026	Bike	5	2026-02-19 13:16:21.888272
107	62	Karur	Chennai	26/03/2026	30/03/2026	Flight	1	2026-02-19 13:16:21.889521
108	63	Rameswaram	Mumbai	31/03/2026	01/04/2026	Car	1	2026-02-19 13:16:21.890784
109	64	Tiruchirappalli	Mahabalipuram	07/03/2026	09/03/2026	Car	4	2026-02-19 13:16:21.891313
110	64	Kodaikanal	Goa	16/03/2026	21/03/2026	Car	2	2026-02-19 13:16:21.892499
111	64	Coimbatore	Thanjavur	17/03/2026	19/03/2026	Train	3	2026-02-19 13:16:21.893118
112	65	Hyderabad	Erode	28/02/2026	01/03/2026	Flight	2	2026-02-19 13:16:21.89492
113	66	Mahabalipuram	Tirupur	21/03/2026	26/03/2026	Train	4	2026-02-19 13:16:21.896348
114	66	Mumbai	Salem	26/02/2026	27/02/2026	Bus	2	2026-02-19 13:16:21.896845
115	66	Mumbai	Hyderabad	23/02/2026	24/02/2026	Bike	2	2026-02-19 13:16:21.898167
116	67	Bangalore	Kanyakumari	12/04/2026	17/04/2026	Bus	4	2026-02-19 13:16:21.898644
117	67	Madurai	Vellore	22/03/2026	23/03/2026	Car	4	2026-02-19 13:16:21.900199
118	67	Bangalore	Vellore	05/03/2026	07/03/2026	Bus	4	2026-02-19 13:16:21.901879
119	68	Madurai	Dindigul	23/03/2026	26/03/2026	Car	2	2026-02-19 13:16:21.90294
120	68	Hyderabad	Coimbatore	10/03/2026	13/03/2026	Flight	4	2026-02-19 13:16:21.904318
121	68	Mumbai	Pondicherry	27/03/2026	01/04/2026	Flight	5	2026-02-19 13:16:21.905588
122	68	Pondicherry	Bangalore	13/03/2026	14/03/2026	Bus	4	2026-02-19 13:16:21.90849
123	69	Salem	Kanyakumari	27/02/2026	04/03/2026	Train	4	2026-02-19 13:16:21.909113
124	69	Kanyakumari	Karur	22/02/2026	26/02/2026	Car	4	2026-02-19 13:16:21.91369
125	69	Bangalore	Tirunelveli	07/04/2026	13/04/2026	Train	2	2026-02-19 13:16:21.914175
126	69	Pondicherry	Delhi	06/04/2026	07/04/2026	Car	1	2026-02-19 13:16:21.916322
127	70	Kodaikanal	Tirunelveli	05/04/2026	11/04/2026	Train	1	2026-02-19 13:16:21.916833
128	70	Pondicherry	Kodaikanal	14/04/2026	16/04/2026	Car	4	2026-02-19 13:16:21.917934
129	70	Bangalore	Kanyakumari	16/04/2026	19/04/2026	Bus	4	2026-02-19 13:16:21.91884
130	71	Ooty	Karur	01/04/2026	02/04/2026	Car	3	2026-02-19 13:16:21.919833
131	71	Hyderabad	Tirunelveli	01/03/2026	06/03/2026	Car	1	2026-02-19 13:16:21.920218
132	71	Mahabalipuram	Madurai	11/04/2026	16/04/2026	Train	2	2026-02-19 13:16:21.921305
133	71	Bangalore	Hyderabad	07/04/2026	13/04/2026	Bike	5	2026-02-19 13:16:21.922246
134	72	Salem	Namakkal	09/04/2026	15/04/2026	Bike	1	2026-02-19 13:16:21.922564
135	73	Mumbai	Ooty	16/03/2026	18/03/2026	Bus	4	2026-02-19 13:16:21.923176
136	73	Pondicherry	Kanyakumari	05/03/2026	09/03/2026	Flight	5	2026-02-19 13:16:21.924474
137	73	Mahabalipuram	Erode	23/02/2026	26/02/2026	Bus	4	2026-02-19 13:16:21.925503
138	74	Mumbai	Bangalore	03/04/2026	10/04/2026	Bike	3	2026-02-19 13:16:21.9272
139	75	Erode	Coimbatore	13/04/2026	16/04/2026	Bus	2	2026-02-19 13:16:21.927648
140	75	Karur	Delhi	28/03/2026	01/04/2026	Flight	2	2026-02-19 13:16:21.928665
141	76	Tirupur	Namakkal	19/03/2026	23/03/2026	Car	1	2026-02-19 13:16:21.928999
142	76	Delhi	Kanchipuram	07/03/2026	11/03/2026	Flight	5	2026-02-19 13:16:21.929319
143	76	Mahabalipuram	Delhi	06/04/2026	13/04/2026	Train	3	2026-02-19 13:16:21.929648
144	76	Bangalore	Bangalore	04/03/2026	11/03/2026	Bike	3	2026-02-19 13:16:21.929936
145	77	Ooty	Chennai	13/03/2026	16/03/2026	Bus	1	2026-02-19 13:16:21.930215
146	78	Namakkal	Ooty	07/04/2026	12/04/2026	Train	1	2026-02-19 13:16:21.931321
147	78	Chennai	Thanjavur	13/03/2026	17/03/2026	Flight	5	2026-02-19 13:16:21.932755
148	78	Mumbai	Goa	03/04/2026	08/04/2026	Train	1	2026-02-19 13:16:21.933878
149	79	Pondicherry	Rameswaram	09/04/2026	12/04/2026	Flight	4	2026-02-19 13:16:21.934614
150	79	Erode	Tirunelveli	10/04/2026	14/04/2026	Train	1	2026-02-19 13:16:21.936202
151	79	Salem	Kodaikanal	23/03/2026	30/03/2026	Train	5	2026-02-19 13:16:21.936881
152	79	Salem	Chennai	01/04/2026	05/04/2026	Train	5	2026-02-19 13:16:21.937705
153	80	Dindigul	Erode	14/04/2026	18/04/2026	Bike	4	2026-02-19 13:16:21.93864
154	81	Kanchipuram	Mumbai	08/04/2026	10/04/2026	Bike	2	2026-02-19 13:16:21.939878
155	81	Tirunelveli	Mumbai	14/03/2026	15/03/2026	Car	3	2026-02-19 13:16:21.940282
156	81	Thanjavur	Kanchipuram	23/03/2026	26/03/2026	Car	1	2026-02-19 13:16:21.940719
157	81	Coimbatore	Mumbai	13/04/2026	14/04/2026	Bike	4	2026-02-19 13:16:21.94113
158	82	Erode	Hyderabad	01/03/2026	07/03/2026	Car	1	2026-02-19 13:16:21.941604
159	82	Kanyakumari	Salem	22/02/2026	28/02/2026	Train	3	2026-02-19 13:16:21.942054
160	82	Tirunelveli	Goa	08/04/2026	13/04/2026	Bus	5	2026-02-19 13:16:21.943376
161	82	Ooty	Karur	20/02/2026	21/02/2026	Train	2	2026-02-19 13:16:21.943871
162	83	Coimbatore	Salem	27/03/2026	29/03/2026	Bus	2	2026-02-19 13:16:21.944391
163	83	Mumbai	Namakkal	26/02/2026	28/02/2026	Train	5	2026-02-19 13:16:21.94615
164	83	Hyderabad	Vellore	20/03/2026	21/03/2026	Bus	3	2026-02-19 13:16:21.946752
165	84	Ooty	Tirupur	07/04/2026	09/04/2026	Bike	1	2026-02-19 13:16:21.948946
166	84	Erode	Delhi	13/04/2026	16/04/2026	Train	1	2026-02-19 13:16:21.949287
167	85	Dindigul	Mumbai	22/02/2026	27/02/2026	Flight	4	2026-02-19 13:16:21.949734
168	85	Hyderabad	Mahabalipuram	07/03/2026	08/03/2026	Flight	5	2026-02-19 13:16:21.950374
169	85	Tiruchirappalli	Kanyakumari	19/02/2026	23/02/2026	Train	4	2026-02-19 13:16:21.95414
170	85	Delhi	Kanyakumari	17/04/2026	20/04/2026	Car	2	2026-02-19 13:16:21.955077
171	86	Kodaikanal	Salem	18/03/2026	22/03/2026	Bus	5	2026-02-19 13:16:21.955753
172	86	Delhi	Mahabalipuram	17/04/2026	21/04/2026	Bike	3	2026-02-19 13:16:21.956566
173	86	Tirupur	Vellore	26/03/2026	02/04/2026	Bike	4	2026-02-19 13:16:21.957681
174	86	Delhi	Erode	24/03/2026	28/03/2026	Car	4	2026-02-19 13:16:21.958498
175	87	Mumbai	Namakkal	10/03/2026	15/03/2026	Bike	5	2026-02-19 13:16:21.959144
176	87	Rameswaram	Dindigul	08/03/2026	12/03/2026	Bus	3	2026-02-19 13:16:21.959509
177	88	Tiruchirappalli	Delhi	03/04/2026	09/04/2026	Car	3	2026-02-19 13:16:21.960556
178	89	Bangalore	Kodaikanal	29/03/2026	30/03/2026	Train	5	2026-02-19 13:16:21.96095
179	90	Chennai	Tirupur	20/02/2026	23/02/2026	Car	3	2026-02-19 13:16:21.962373
180	90	Ooty	Delhi	12/04/2026	13/04/2026	Bike	2	2026-02-19 13:16:21.962743
181	90	Kanchipuram	Kanchipuram	31/03/2026	02/04/2026	Flight	4	2026-02-19 13:16:21.963089
182	90	Ooty	Karur	23/03/2026	30/03/2026	Bike	3	2026-02-19 13:16:21.963664
183	91	Vellore	Thanjavur	09/03/2026	12/03/2026	Car	2	2026-02-19 13:16:21.964079
184	91	Hyderabad	Rameswaram	28/02/2026	02/03/2026	Bus	2	2026-02-19 13:16:21.965277
185	91	Tirupur	Chennai	18/04/2026	21/04/2026	Train	1	2026-02-19 13:16:21.96682
186	91	Tirunelveli	Coimbatore	23/03/2026	26/03/2026	Bus	5	2026-02-19 13:16:21.96839
187	92	Karur	Mumbai	11/03/2026	15/03/2026	Car	3	2026-02-19 13:16:21.969584
188	92	Coimbatore	Tiruchirappalli	01/03/2026	03/03/2026	Car	3	2026-02-19 13:16:21.969925
189	92	Mumbai	Bangalore	26/02/2026	05/03/2026	Car	4	2026-02-19 13:16:21.970963
190	93	Delhi	Thanjavur	05/04/2026	11/04/2026	Bus	2	2026-02-19 13:16:21.971262
191	94	Karur	Tirunelveli	17/04/2026	23/04/2026	Bike	1	2026-02-19 13:16:21.971866
192	95	Namakkal	Bangalore	22/02/2026	26/02/2026	Bike	1	2026-02-19 13:16:21.972469
193	95	Tirunelveli	Karur	03/03/2026	08/03/2026	Flight	4	2026-02-19 13:16:21.972755
194	95	Pondicherry	Kodaikanal	26/02/2026	05/03/2026	Flight	2	2026-02-19 13:16:21.973047
195	96	Bangalore	Tirunelveli	04/03/2026	07/03/2026	Car	4	2026-02-19 13:16:21.973756
196	96	Vellore	Chennai	17/04/2026	18/04/2026	Train	5	2026-02-19 13:16:21.974388
197	96	Mahabalipuram	Hyderabad	04/03/2026	10/03/2026	Flight	4	2026-02-19 13:16:21.975713
198	96	Mumbai	Bangalore	19/03/2026	22/03/2026	Train	4	2026-02-19 13:16:21.976051
199	97	Hyderabad	Dindigul	10/03/2026	12/03/2026	Car	4	2026-02-19 13:16:21.976568
200	97	Thanjavur	Karur	20/03/2026	23/03/2026	Train	2	2026-02-19 13:16:21.977726
201	98	Delhi	Bangalore	24/02/2026	27/02/2026	Bike	1	2026-02-19 13:16:21.978055
202	98	Thanjavur	Tirunelveli	22/03/2026	26/03/2026	Train	4	2026-02-19 13:16:21.978354
203	98	Thanjavur	Vellore	07/03/2026	10/03/2026	Bike	3	2026-02-19 13:16:21.979269
204	98	Tirupur	Rameswaram	06/04/2026	09/04/2026	Train	2	2026-02-19 13:16:21.980519
205	99	Bangalore	Karur	07/03/2026	11/03/2026	Bus	4	2026-02-19 13:16:21.981428
206	99	Karur	Coimbatore	12/04/2026	17/04/2026	Bus	4	2026-02-19 13:16:21.981893
207	99	Erode	Tiruchirappalli	03/03/2026	10/03/2026	Bus	1	2026-02-19 13:16:21.982966
208	99	Mumbai	Namakkal	03/03/2026	08/03/2026	Car	3	2026-02-19 13:16:21.983938
209	100	Tirunelveli	Tirupur	02/03/2026	04/03/2026	Train	2	2026-02-19 13:16:21.984326
210	101	Tirupur	Coimbatore	28/02/2026	07/03/2026	Flight	2	2026-02-19 13:16:21.98476
211	102	Hyderabad	Rameswaram	11/04/2026	14/04/2026	Car	4	2026-02-19 13:16:21.986063
212	102	Madurai	Kodaikanal	15/03/2026	18/03/2026	Car	3	2026-02-19 13:16:21.987631
213	102	Erode	Kanyakumari	10/03/2026	17/03/2026	Train	2	2026-02-19 13:16:21.989267
214	102	Vellore	Tiruchirappalli	04/03/2026	07/03/2026	Bike	2	2026-02-19 13:16:21.990446
215	103	Hyderabad	Tirunelveli	09/03/2026	13/03/2026	Car	3	2026-02-19 13:16:21.991476
216	104	Namakkal	Salem	03/04/2026	07/04/2026	Flight	4	2026-02-19 13:16:21.992524
217	105	Kanyakumari	Hyderabad	09/04/2026	15/04/2026	Flight	5	2026-02-19 13:16:21.993698
218	105	Tirunelveli	Thanjavur	03/04/2026	05/04/2026	Car	5	2026-02-19 13:16:21.99412
219	105	Tiruchirappalli	Salem	07/04/2026	10/04/2026	Bike	2	2026-02-19 13:16:21.995403
220	106	Kanyakumari	Bangalore	11/03/2026	12/03/2026	Car	3	2026-02-19 13:16:21.996402
221	106	Tirupur	Goa	02/04/2026	04/04/2026	Bus	4	2026-02-19 13:16:21.996784
222	106	Kanyakumari	Kodaikanal	10/04/2026	16/04/2026	Bike	2	2026-02-19 13:16:21.997147
223	106	Kanyakumari	Thanjavur	03/03/2026	04/03/2026	Train	1	2026-02-19 13:16:21.998338
224	107	Madurai	Tirupur	19/04/2026	24/04/2026	Car	1	2026-02-19 13:16:21.999773
225	107	Erode	Coimbatore	28/03/2026	31/03/2026	Bike	5	2026-02-19 13:16:22.000896
226	107	Mumbai	Dindigul	14/03/2026	19/03/2026	Flight	1	2026-02-19 13:16:22.002128
227	107	Tirunelveli	Karur	09/03/2026	15/03/2026	Train	4	2026-02-19 13:16:22.015954
228	108	Mumbai	Salem	15/03/2026	22/03/2026	Train	2	2026-02-19 13:16:22.030484
229	108	Pondicherry	Salem	11/03/2026	14/03/2026	Bike	5	2026-02-19 13:16:22.034383
230	109	Mahabalipuram	Namakkal	22/03/2026	29/03/2026	Bus	4	2026-02-19 13:16:22.036247
231	110	Coimbatore	Vellore	10/03/2026	12/03/2026	Bus	4	2026-02-19 13:16:22.036793
232	111	Dindigul	Bangalore	23/02/2026	02/03/2026	Bike	5	2026-02-19 13:16:22.050397
233	111	Salem	Tirupur	31/03/2026	07/04/2026	Flight	2	2026-02-19 13:16:22.06272
234	112	Mumbai	Dindigul	05/04/2026	11/04/2026	Bike	5	2026-02-19 13:16:22.06328
235	112	Namakkal	Rameswaram	24/02/2026	03/03/2026	Flight	1	2026-02-19 13:16:22.064686
236	112	Kodaikanal	Madurai	13/03/2026	20/03/2026	Flight	3	2026-02-19 13:16:22.065968
237	113	Chennai	Erode	10/03/2026	15/03/2026	Car	1	2026-02-19 13:16:22.067632
238	113	Dindigul	Dindigul	12/04/2026	15/04/2026	Bus	2	2026-02-19 13:16:22.069427
239	114	Kanchipuram	Thanjavur	11/03/2026	12/03/2026	Bike	2	2026-02-19 13:16:22.070919
240	114	Thanjavur	Tirupur	05/03/2026	09/03/2026	Train	4	2026-02-19 13:16:22.072216
241	114	Namakkal	Tiruchirappalli	23/03/2026	24/03/2026	Bike	2	2026-02-19 13:16:22.072678
242	114	Delhi	Mahabalipuram	22/02/2026	27/02/2026	Bike	5	2026-02-19 13:16:22.074292
243	115	Mumbai	Bangalore	22/02/2026	24/02/2026	Flight	4	2026-02-19 13:16:22.075342
244	115	Bangalore	Mumbai	20/03/2026	22/03/2026	Bus	1	2026-02-19 13:16:22.076223
245	115	Karur	Pondicherry	16/03/2026	17/03/2026	Car	1	2026-02-19 13:16:22.07676
246	115	Delhi	Rameswaram	17/04/2026	20/04/2026	Bike	1	2026-02-19 13:16:22.077227
247	116	Mahabalipuram	Delhi	13/04/2026	15/04/2026	Flight	3	2026-02-19 13:16:22.079439
248	116	Namakkal	Karur	11/03/2026	13/03/2026	Bus	1	2026-02-19 13:16:22.080312
249	117	Ooty	Kodaikanal	28/03/2026	30/03/2026	Flight	5	2026-02-19 13:16:22.081885
250	118	Bangalore	Salem	28/03/2026	30/03/2026	Bike	3	2026-02-19 13:16:22.087581
251	119	Chennai	Hyderabad	29/03/2026	04/04/2026	Flight	2	2026-02-19 13:16:22.089403
252	120	Kanyakumari	Goa	11/04/2026	15/04/2026	Car	1	2026-02-19 13:16:22.089879
253	120	Tirunelveli	Tiruchirappalli	01/04/2026	07/04/2026	Train	5	2026-02-19 13:16:22.090304
254	120	Rameswaram	Goa	08/04/2026	15/04/2026	Flight	3	2026-02-19 13:16:22.091203
255	120	Karur	Thanjavur	14/03/2026	16/03/2026	Car	5	2026-02-19 13:16:22.091592
256	121	Kodaikanal	Salem	16/03/2026	23/03/2026	Bus	4	2026-02-19 13:16:22.092843
257	122	Tirunelveli	Kanchipuram	27/03/2026	01/04/2026	Train	3	2026-02-19 13:16:22.093758
258	122	Kanyakumari	Rameswaram	18/04/2026	25/04/2026	Flight	3	2026-02-19 13:16:22.094149
259	122	Mumbai	Erode	31/03/2026	05/04/2026	Car	5	2026-02-19 13:16:22.095022
260	122	Pondicherry	Vellore	08/04/2026	12/04/2026	Bus	5	2026-02-19 13:16:22.09591
261	123	Madurai	Tirunelveli	17/03/2026	20/03/2026	Car	3	2026-02-19 13:16:22.096748
262	123	Coimbatore	Pondicherry	10/04/2026	17/04/2026	Bike	3	2026-02-19 13:16:22.098284
263	123	Chennai	Kanyakumari	06/04/2026	12/04/2026	Car	4	2026-02-19 13:16:22.098727
264	123	Pondicherry	Coimbatore	07/04/2026	09/04/2026	Flight	2	2026-02-19 13:16:22.100208
265	124	Hyderabad	Karur	19/02/2026	21/02/2026	Car	4	2026-02-19 13:16:22.101293
266	124	Bangalore	Tirunelveli	02/03/2026	08/03/2026	Car	4	2026-02-19 13:16:22.10183
267	124	Bangalore	Delhi	27/02/2026	06/03/2026	Flight	5	2026-02-19 13:16:22.103226
268	124	Delhi	Kanyakumari	28/03/2026	01/04/2026	Bike	5	2026-02-19 13:16:22.103623
269	125	Chennai	Tiruchirappalli	09/03/2026	12/03/2026	Bike	1	2026-02-19 13:16:22.10449
270	125	Mumbai	Coimbatore	17/03/2026	23/03/2026	Bike	5	2026-02-19 13:16:22.105831
271	125	Tirunelveli	Delhi	09/03/2026	16/03/2026	Bike	3	2026-02-19 13:16:22.10691
272	125	Pondicherry	Tiruchirappalli	09/04/2026	12/04/2026	Flight	3	2026-02-19 13:16:22.107315
273	126	Karur	Mahabalipuram	27/02/2026	04/03/2026	Train	5	2026-02-19 13:16:22.108189
274	126	Tiruchirappalli	Tirupur	02/03/2026	04/03/2026	Flight	3	2026-02-19 13:16:22.109004
275	126	Kanyakumari	Mahabalipuram	09/04/2026	16/04/2026	Bike	2	2026-02-19 13:16:22.109392
276	127	Pondicherry	Mahabalipuram	02/03/2026	06/03/2026	Train	2	2026-02-19 13:16:22.110209
277	128	Tirunelveli	Erode	18/04/2026	25/04/2026	Train	4	2026-02-19 13:16:22.111478
278	128	Karur	Tiruchirappalli	18/04/2026	23/04/2026	Bus	2	2026-02-19 13:16:22.112587
279	128	Thanjavur	Delhi	08/04/2026	12/04/2026	Train	3	2026-02-19 13:16:22.114051
280	129	Bangalore	Pondicherry	01/03/2026	04/03/2026	Train	2	2026-02-19 13:16:22.115024
281	129	Tirupur	Tiruchirappalli	14/04/2026	16/04/2026	Car	5	2026-02-19 13:16:22.11545
282	129	Dindigul	Vellore	29/03/2026	31/03/2026	Bus	3	2026-02-19 13:16:22.116398
283	130	Salem	Erode	25/03/2026	28/03/2026	Bike	2	2026-02-19 13:16:22.117297
284	130	Tiruchirappalli	Kanchipuram	12/03/2026	14/03/2026	Bus	3	2026-02-19 13:16:22.118759
285	130	Mumbai	Erode	18/03/2026	19/03/2026	Car	1	2026-02-19 13:16:22.119192
286	130	Thanjavur	Ooty	12/04/2026	18/04/2026	Car	1	2026-02-19 13:16:22.12059
287	131	Ooty	Tirunelveli	04/03/2026	07/03/2026	Train	1	2026-02-19 13:16:22.121422
288	131	Bangalore	Madurai	31/03/2026	01/04/2026	Train	5	2026-02-19 13:16:22.122304
289	131	Karur	Rameswaram	07/04/2026	10/04/2026	Car	1	2026-02-19 13:16:22.123381
290	132	Tiruchirappalli	Namakkal	21/03/2026	25/03/2026	Bike	1	2026-02-19 13:16:22.124509
291	132	Coimbatore	Tiruchirappalli	13/04/2026	17/04/2026	Bus	1	2026-02-19 13:16:22.124884
292	132	Pondicherry	Tirunelveli	13/04/2026	17/04/2026	Car	1	2026-02-19 13:16:22.126859
293	133	Hyderabad	Erode	02/04/2026	08/04/2026	Bike	1	2026-02-19 13:16:22.128143
294	133	Bangalore	Chennai	26/03/2026	30/03/2026	Bus	3	2026-02-19 13:16:22.129048
295	134	Chennai	Kanyakumari	03/03/2026	06/03/2026	Bike	1	2026-02-19 13:16:22.130494
296	134	Tirunelveli	Karur	10/03/2026	11/03/2026	Bus	4	2026-02-19 13:16:22.131464
297	135	Mumbai	Ooty	25/03/2026	28/03/2026	Bike	4	2026-02-19 13:16:22.131897
298	135	Delhi	Pondicherry	25/03/2026	29/03/2026	Bike	4	2026-02-19 13:16:22.133313
299	135	Ooty	Kanchipuram	06/03/2026	08/03/2026	Flight	2	2026-02-19 13:16:22.134131
300	135	Vellore	Thanjavur	17/04/2026	18/04/2026	Car	2	2026-02-19 13:16:22.134625
301	136	Namakkal	Kanchipuram	17/04/2026	19/04/2026	Car	4	2026-02-19 13:16:22.135915
302	136	Kanyakumari	Rameswaram	12/03/2026	14/03/2026	Car	5	2026-02-19 13:16:22.136349
303	137	Tirupur	Kanyakumari	02/04/2026	04/04/2026	Car	1	2026-02-19 13:16:22.137503
304	137	Kodaikanal	Rameswaram	06/04/2026	11/04/2026	Flight	1	2026-02-19 13:16:22.138652
305	138	Hyderabad	Chennai	18/03/2026	24/03/2026	Car	3	2026-02-19 13:16:22.139941
306	138	Kanyakumari	Vellore	03/03/2026	06/03/2026	Flight	4	2026-02-19 13:16:22.141278
307	138	Kanyakumari	Delhi	29/03/2026	03/04/2026	Flight	4	2026-02-19 13:16:22.142152
308	139	Salem	Bangalore	30/03/2026	31/03/2026	Flight	5	2026-02-19 13:16:22.142778
309	139	Dindigul	Karur	26/03/2026	29/03/2026	Train	1	2026-02-19 13:16:22.143157
310	140	Namakkal	Pondicherry	21/03/2026	27/03/2026	Train	1	2026-02-19 13:16:22.143531
311	140	Erode	Hyderabad	14/04/2026	15/04/2026	Bike	3	2026-02-19 13:16:22.143904
312	141	Dindigul	Bangalore	08/03/2026	09/03/2026	Train	5	2026-02-19 13:16:22.144278
313	142	Mumbai	Ooty	05/04/2026	10/04/2026	Flight	5	2026-02-19 13:16:22.144657
314	142	Vellore	Salem	09/04/2026	11/04/2026	Train	4	2026-02-19 13:16:22.145505
315	142	Chennai	Kanyakumari	04/04/2026	10/04/2026	Bus	4	2026-02-19 13:16:22.146842
316	143	Hyderabad	Kanchipuram	25/02/2026	27/02/2026	Train	1	2026-02-19 13:16:22.148118
317	143	Pondicherry	Mumbai	26/02/2026	01/03/2026	Train	5	2026-02-19 13:16:22.148513
318	143	Coimbatore	Pondicherry	02/03/2026	05/03/2026	Bike	3	2026-02-19 13:16:22.148925
319	143	Mumbai	Ooty	30/03/2026	31/03/2026	Car	5	2026-02-19 13:16:22.149351
320	144	Delhi	Hyderabad	18/03/2026	20/03/2026	Flight	3	2026-02-19 13:16:22.150618
321	144	Tirupur	Coimbatore	02/03/2026	04/03/2026	Bus	1	2026-02-19 13:16:22.151145
322	145	Madurai	Salem	28/02/2026	03/03/2026	Flight	3	2026-02-19 13:16:22.152348
323	145	Rameswaram	Ooty	03/03/2026	07/03/2026	Car	4	2026-02-19 13:16:22.153641
324	145	Tirupur	Thanjavur	15/03/2026	18/03/2026	Train	1	2026-02-19 13:16:22.154692
325	146	Delhi	Namakkal	26/02/2026	02/03/2026	Car	4	2026-02-19 13:16:22.155604
326	146	Ooty	Hyderabad	19/02/2026	22/02/2026	Flight	5	2026-02-19 13:16:22.156043
327	146	Hyderabad	Madurai	28/02/2026	07/03/2026	Bike	1	2026-02-19 13:16:22.156668
328	147	Delhi	Madurai	19/03/2026	25/03/2026	Bike	4	2026-02-19 13:16:22.157936
329	147	Kanchipuram	Thanjavur	01/04/2026	06/04/2026	Train	5	2026-02-19 13:16:22.158869
330	147	Mumbai	Pondicherry	02/03/2026	08/03/2026	Bus	2	2026-02-19 13:16:22.159751
331	148	Hyderabad	Tirupur	16/04/2026	22/04/2026	Flight	1	2026-02-19 13:16:22.160137
332	148	Chennai	Erode	07/04/2026	11/04/2026	Train	4	2026-02-19 13:16:22.160527
333	149	Madurai	Tirunelveli	16/03/2026	18/03/2026	Flight	2	2026-02-19 13:16:22.161372
334	149	Hyderabad	Bangalore	27/02/2026	06/03/2026	Car	4	2026-02-19 13:16:22.162471
335	149	Namakkal	Ooty	30/03/2026	04/04/2026	Car	1	2026-02-19 13:16:22.162871
336	150	Chennai	Vellore	02/04/2026	06/04/2026	Flight	2	2026-02-19 13:16:22.164021
337	150	Tirunelveli	Delhi	12/03/2026	15/03/2026	Bike	2	2026-02-19 13:16:22.164882
338	150	Coimbatore	Mahabalipuram	30/03/2026	31/03/2026	Bike	3	2026-02-19 13:16:22.165308
339	150	Namakkal	Kanyakumari	20/03/2026	26/03/2026	Bus	2	2026-02-19 13:16:22.166491
340	151	Vellore	Kanchipuram	25/03/2026	29/03/2026	Flight	1	2026-02-19 13:16:22.168115
341	152	Kanchipuram	Madurai	16/03/2026	23/03/2026	Bike	5	2026-02-19 13:16:22.168625
342	153	Kanyakumari	Thanjavur	07/03/2026	13/03/2026	Bike	5	2026-02-19 13:16:22.169556
343	153	Salem	Tirunelveli	19/04/2026	26/04/2026	Bike	1	2026-02-19 13:16:22.170402
344	153	Mumbai	Tirupur	19/04/2026	21/04/2026	Bike	5	2026-02-19 13:16:22.172191
345	154	Delhi	Vellore	28/03/2026	02/04/2026	Car	4	2026-02-19 13:16:22.172672
346	154	Madurai	Tirupur	22/03/2026	25/03/2026	Car	4	2026-02-19 13:16:22.173873
347	155	Madurai	Erode	01/04/2026	04/04/2026	Bike	3	2026-02-19 13:16:22.174275
348	155	Bangalore	Goa	18/03/2026	22/03/2026	Train	4	2026-02-19 13:16:22.175107
349	156	Pondicherry	Coimbatore	06/04/2026	07/04/2026	Flight	3	2026-02-19 13:16:22.175462
350	157	Madurai	Tiruchirappalli	23/03/2026	26/03/2026	Car	3	2026-02-19 13:16:22.176697
351	158	Karur	Erode	09/03/2026	15/03/2026	Flight	3	2026-02-19 13:16:22.177912
352	158	Hyderabad	Namakkal	02/04/2026	05/04/2026	Bike	5	2026-02-19 13:16:22.178818
353	159	Bangalore	Coimbatore	06/03/2026	13/03/2026	Flight	5	2026-02-19 13:16:22.179257
354	159	Namakkal	Ooty	03/04/2026	06/04/2026	Bus	3	2026-02-19 13:16:22.180437
355	159	Mumbai	Kodaikanal	12/03/2026	17/03/2026	Train	1	2026-02-19 13:16:22.181335
356	160	Salem	Tirupur	18/04/2026	23/04/2026	Bike	2	2026-02-19 13:16:22.182474
\.


--
-- Data for Name: users; Type: TABLE DATA; Schema: public; Owner: suthikshaaghoram
--

COPY public.users (id, name, email, password, role, created_at) FROM stdin;
1	Suthiksha	suthikshaaghoram@gmail.com	$2b$10$Kb8g7q89R9NM8/VgRuqQhOxhdKq.WXiyLiHJCq/gUrhmtuXPjE7y6	traveler	2026-02-17 11:27:29.821394
2			$2b$10$sqh4J1.c3yfApIr1wqxGG.x/j3Lj/DLRfv4HEXOCFFpXyruihnK1G	traveler	2026-02-17 14:53:30.361149
4	Provider User	provider@example.com	$2b$10$qpgfiRV6kGmkubNjFnNxteJGHRhfEijbYcLRueY8XBYN0jVEEk5Zy	provider	2026-02-19 07:21:35.945514
5	Admin User	admin@example.com	$2b$10$NOtaGHr28shL1DM0lQo5PulkO9davWj.pdG3SHJdVNLtkyPeI7XWK	admin	2026-02-19 07:21:36.071468
6	Sofia Rajan	sofia.rajan647@example.com	$2b$10$dG3KUAQK2Rcei3ch3IXUvevbn8ZoZYoxY4SoKp23qCKLbcc1tBKja	traveler	2026-02-19 09:16:46.425184
7	Lakshmi Reddy	lakshmi.reddy153@example.com	$2b$10$dG3KUAQK2Rcei3ch3IXUvevbn8ZoZYoxY4SoKp23qCKLbcc1tBKja	traveler	2026-02-19 09:16:46.435783
8	Aditya Rao	aditya.rao997@example.com	$2b$10$dG3KUAQK2Rcei3ch3IXUvevbn8ZoZYoxY4SoKp23qCKLbcc1tBKja	traveler	2026-02-19 09:16:46.437758
9	Priya Reddy	priya.reddy740@example.com	$2b$10$dG3KUAQK2Rcei3ch3IXUvevbn8ZoZYoxY4SoKp23qCKLbcc1tBKja	traveler	2026-02-19 09:16:46.441091
10	Rahul Rao	rahul.rao553@example.com	$2b$10$dG3KUAQK2Rcei3ch3IXUvevbn8ZoZYoxY4SoKp23qCKLbcc1tBKja	traveler	2026-02-19 09:16:46.44378
11	Karthik Rao	karthik.rao625@example.com	$2b$10$dG3KUAQK2Rcei3ch3IXUvevbn8ZoZYoxY4SoKp23qCKLbcc1tBKja	traveler	2026-02-19 09:16:46.445075
12	Rohan Pillai	rohan.pillai551@example.com	$2b$10$dG3KUAQK2Rcei3ch3IXUvevbn8ZoZYoxY4SoKp23qCKLbcc1tBKja	traveler	2026-02-19 09:16:46.445948
13	Vikram Reddy	vikram.reddy750@example.com	$2b$10$dG3KUAQK2Rcei3ch3IXUvevbn8ZoZYoxY4SoKp23qCKLbcc1tBKja	traveler	2026-02-19 09:16:46.448217
14	Aarav Reddy	aarav.reddy818@example.com	$2b$10$dG3KUAQK2Rcei3ch3IXUvevbn8ZoZYoxY4SoKp23qCKLbcc1tBKja	traveler	2026-02-19 09:16:46.450136
15	Rohan Krishnan	rohan.krishnan870@example.com	$2b$10$dG3KUAQK2Rcei3ch3IXUvevbn8ZoZYoxY4SoKp23qCKLbcc1tBKja	traveler	2026-02-19 09:16:46.451943
16	Aditya Sharma	aditya.sharma644@example.com	$2b$10$dG3KUAQK2Rcei3ch3IXUvevbn8ZoZYoxY4SoKp23qCKLbcc1tBKja	traveler	2026-02-19 09:16:46.454756
17	Rahul Menon	rahul.menon430@example.com	$2b$10$dG3KUAQK2Rcei3ch3IXUvevbn8ZoZYoxY4SoKp23qCKLbcc1tBKja	traveler	2026-02-19 09:16:46.45736
18	Ananya Menon	ananya.menon275@example.com	$2b$10$dG3KUAQK2Rcei3ch3IXUvevbn8ZoZYoxY4SoKp23qCKLbcc1tBKja	traveler	2026-02-19 09:16:46.458279
19	Ananya Sundar	ananya.sundar781@example.com	$2b$10$dG3KUAQK2Rcei3ch3IXUvevbn8ZoZYoxY4SoKp23qCKLbcc1tBKja	traveler	2026-02-19 09:16:46.459001
20	Vikram Menon	vikram.menon260@example.com	$2b$10$dG3KUAQK2Rcei3ch3IXUvevbn8ZoZYoxY4SoKp23qCKLbcc1tBKja	traveler	2026-02-19 09:16:46.459819
21	Sofia Nair	sofia.nair748@example.com	$2b$10$dG3KUAQK2Rcei3ch3IXUvevbn8ZoZYoxY4SoKp23qCKLbcc1tBKja	traveler	2026-02-19 09:16:46.460558
22	Sai Nair	sai.nair346@example.com	$2b$10$dG3KUAQK2Rcei3ch3IXUvevbn8ZoZYoxY4SoKp23qCKLbcc1tBKja	traveler	2026-02-19 09:16:46.461158
23	Aarav Reddy	aarav.reddy910@example.com	$2b$10$dG3KUAQK2Rcei3ch3IXUvevbn8ZoZYoxY4SoKp23qCKLbcc1tBKja	traveler	2026-02-19 09:16:46.46198
24	Rahul Menon	rahul.menon705@example.com	$2b$10$dG3KUAQK2Rcei3ch3IXUvevbn8ZoZYoxY4SoKp23qCKLbcc1tBKja	traveler	2026-02-19 09:16:46.462692
25	Ananya Rajan	ananya.rajan171@example.com	$2b$10$dG3KUAQK2Rcei3ch3IXUvevbn8ZoZYoxY4SoKp23qCKLbcc1tBKja	traveler	2026-02-19 09:16:46.463443
26	Meera Kumar	meera.kumar617@example.com	$2b$10$dG3KUAQK2Rcei3ch3IXUvevbn8ZoZYoxY4SoKp23qCKLbcc1tBKja	traveler	2026-02-19 09:16:46.464168
27	Aarav Krishnan	aarav.krishnan391@example.com	$2b$10$dG3KUAQK2Rcei3ch3IXUvevbn8ZoZYoxY4SoKp23qCKLbcc1tBKja	traveler	2026-02-19 09:16:46.464856
28	Rahul Rajan	rahul.rajan149@example.com	$2b$10$dG3KUAQK2Rcei3ch3IXUvevbn8ZoZYoxY4SoKp23qCKLbcc1tBKja	traveler	2026-02-19 09:16:46.465811
29	Aditya Rajan	aditya.rajan687@example.com	$2b$10$dG3KUAQK2Rcei3ch3IXUvevbn8ZoZYoxY4SoKp23qCKLbcc1tBKja	traveler	2026-02-19 09:16:46.466884
30	Sofia Kumar	sofia.kumar158@example.com	$2b$10$dG3KUAQK2Rcei3ch3IXUvevbn8ZoZYoxY4SoKp23qCKLbcc1tBKja	traveler	2026-02-19 09:16:46.467562
31	Karthik Rao	karthik.rao320@example.com	$2b$10$dG3KUAQK2Rcei3ch3IXUvevbn8ZoZYoxY4SoKp23qCKLbcc1tBKja	traveler	2026-02-19 09:16:46.468775
32	Ananya Kumar	ananya.kumar311@example.com	$2b$10$dG3KUAQK2Rcei3ch3IXUvevbn8ZoZYoxY4SoKp23qCKLbcc1tBKja	traveler	2026-02-19 09:16:46.469533
33	Aditya Iyer	aditya.iyer102@example.com	$2b$10$dG3KUAQK2Rcei3ch3IXUvevbn8ZoZYoxY4SoKp23qCKLbcc1tBKja	traveler	2026-02-19 09:16:46.473254
34	Aarav Iyer	aarav.iyer178@example.com	$2b$10$dG3KUAQK2Rcei3ch3IXUvevbn8ZoZYoxY4SoKp23qCKLbcc1tBKja	traveler	2026-02-19 09:16:46.474415
35	Vikram Iyer	vikram.iyer813@example.com	$2b$10$dG3KUAQK2Rcei3ch3IXUvevbn8ZoZYoxY4SoKp23qCKLbcc1tBKja	traveler	2026-02-19 09:16:46.475178
36	Aarav Rao	aarav.rao989@example.com	$2b$10$dG3KUAQK2Rcei3ch3IXUvevbn8ZoZYoxY4SoKp23qCKLbcc1tBKja	traveler	2026-02-19 09:16:46.475841
37	Sai Kumar	sai.kumar46@example.com	$2b$10$dG3KUAQK2Rcei3ch3IXUvevbn8ZoZYoxY4SoKp23qCKLbcc1tBKja	traveler	2026-02-19 09:16:46.476422
38	Sofia Sundar	sofia.sundar554@example.com	$2b$10$dG3KUAQK2Rcei3ch3IXUvevbn8ZoZYoxY4SoKp23qCKLbcc1tBKja	traveler	2026-02-19 09:16:46.477162
39	Vihaan Reddy	vihaan.reddy818@example.com	$2b$10$dG3KUAQK2Rcei3ch3IXUvevbn8ZoZYoxY4SoKp23qCKLbcc1tBKja	traveler	2026-02-19 09:16:46.477894
40	Rohan Krishnan	rohan.krishnan15@example.com	$2b$10$dG3KUAQK2Rcei3ch3IXUvevbn8ZoZYoxY4SoKp23qCKLbcc1tBKja	traveler	2026-02-19 09:16:46.478609
41	Diya Krishnan	diya.krishnan684@example.com	$2b$10$dG3KUAQK2Rcei3ch3IXUvevbn8ZoZYoxY4SoKp23qCKLbcc1tBKja	traveler	2026-02-19 09:16:46.479298
42	Diya Krishnan	diya.krishnan512@example.com	$2b$10$dG3KUAQK2Rcei3ch3IXUvevbn8ZoZYoxY4SoKp23qCKLbcc1tBKja	traveler	2026-02-19 09:16:46.480089
43	Vikram Iyer	vikram.iyer340@example.com	$2b$10$dG3KUAQK2Rcei3ch3IXUvevbn8ZoZYoxY4SoKp23qCKLbcc1tBKja	traveler	2026-02-19 09:16:46.480885
44	Lakshmi Menon	lakshmi.menon687@example.com	$2b$10$dG3KUAQK2Rcei3ch3IXUvevbn8ZoZYoxY4SoKp23qCKLbcc1tBKja	traveler	2026-02-19 09:16:46.4817
45	Diya Krishnan	diya.krishnan64@example.com	$2b$10$dG3KUAQK2Rcei3ch3IXUvevbn8ZoZYoxY4SoKp23qCKLbcc1tBKja	traveler	2026-02-19 09:16:46.482583
46	Aditya Iyer	aditya.iyer413@example.com	$2b$10$dG3KUAQK2Rcei3ch3IXUvevbn8ZoZYoxY4SoKp23qCKLbcc1tBKja	traveler	2026-02-19 09:16:46.483265
47	Rohan Kumar	rohan.kumar780@example.com	$2b$10$dG3KUAQK2Rcei3ch3IXUvevbn8ZoZYoxY4SoKp23qCKLbcc1tBKja	traveler	2026-02-19 09:16:46.484583
48	Arjun Rao	arjun.rao199@example.com	$2b$10$dG3KUAQK2Rcei3ch3IXUvevbn8ZoZYoxY4SoKp23qCKLbcc1tBKja	traveler	2026-02-19 09:16:46.485531
49	Priya Iyer	priya.iyer812@example.com	$2b$10$dG3KUAQK2Rcei3ch3IXUvevbn8ZoZYoxY4SoKp23qCKLbcc1tBKja	traveler	2026-02-19 09:16:46.486218
50	Diya Balaji	diya.balaji200@example.com	$2b$10$dG3KUAQK2Rcei3ch3IXUvevbn8ZoZYoxY4SoKp23qCKLbcc1tBKja	traveler	2026-02-19 09:16:46.486893
51	Karthik Nair	karthik.nair958@example.com	$2b$10$dG3KUAQK2Rcei3ch3IXUvevbn8ZoZYoxY4SoKp23qCKLbcc1tBKja	traveler	2026-02-19 09:16:46.487602
52	Aditya Rajan	aditya.rajan795@example.com	$2b$10$dG3KUAQK2Rcei3ch3IXUvevbn8ZoZYoxY4SoKp23qCKLbcc1tBKja	traveler	2026-02-19 09:16:46.488434
53	Karthik Krishnan	karthik.krishnan180@example.com	$2b$10$dG3KUAQK2Rcei3ch3IXUvevbn8ZoZYoxY4SoKp23qCKLbcc1tBKja	traveler	2026-02-19 09:16:46.489169
54	Vikram Sundar	vikram.sundar58@example.com	$2b$10$dG3KUAQK2Rcei3ch3IXUvevbn8ZoZYoxY4SoKp23qCKLbcc1tBKja	traveler	2026-02-19 09:16:46.490157
55	Rohan Pillai	rohan.pillai211@example.com	$2b$10$dG3KUAQK2Rcei3ch3IXUvevbn8ZoZYoxY4SoKp23qCKLbcc1tBKja	traveler	2026-02-19 09:16:46.493006
56	Test User	test_user_23721@example.com	$2b$10$nNXO0UydgC63MAPz503rF.m.tfOcotF5G3WWMd0nGttkcMNgoGTXe	traveler	2026-02-19 10:32:51.767119
57	Test User	test@test.com	$2b$10$aa6UEyybJBtAyP1do40mouzhOlLi8sFWP29v8t7I7/j92bOHMxPgi	traveler	2026-02-19 11:25:27.861843
3	Traveler User	traveler@example.com	$2b$10$OJjRiIhQURozQATiBrSId.uhD5VpCVf4keXo3Qyz6uGMxEbw/DlqS	traveler	2026-02-19 07:21:35.807855
61	Kamala Ganesan	kamala.ganesan8770@example.com	$2b$10$BfoAX.nlDTcWDaMzG6.yHOc9UbRH6K5Q9aNXBmuUrRzXpB4cGKuVy	traveler	2026-02-19 13:16:21.823443
62	Ramesh Murugan	ramesh.murugan8289@example.com	$2b$10$BfoAX.nlDTcWDaMzG6.yHOc9UbRH6K5Q9aNXBmuUrRzXpB4cGKuVy	traveler	2026-02-19 13:16:21.826274
63	Deepika Rao	deepika.rao2644@example.com	$2b$10$BfoAX.nlDTcWDaMzG6.yHOc9UbRH6K5Q9aNXBmuUrRzXpB4cGKuVy	traveler	2026-02-19 13:16:21.827536
64	Deepika Menon	deepika.menon2043@example.com	$2b$10$BfoAX.nlDTcWDaMzG6.yHOc9UbRH6K5Q9aNXBmuUrRzXpB4cGKuVy	traveler	2026-02-19 13:16:21.828627
65	Kamala Krishnan	kamala.krishnan5847@example.com	$2b$10$BfoAX.nlDTcWDaMzG6.yHOc9UbRH6K5Q9aNXBmuUrRzXpB4cGKuVy	traveler	2026-02-19 13:16:21.830269
66	Sneha Chandrasekaran	sneha.chandrasekaran9467@example.com	$2b$10$BfoAX.nlDTcWDaMzG6.yHOc9UbRH6K5Q9aNXBmuUrRzXpB4cGKuVy	traveler	2026-02-19 13:16:21.831233
67	Karthik Krishnan	karthik.krishnan6308@example.com	$2b$10$BfoAX.nlDTcWDaMzG6.yHOc9UbRH6K5Q9aNXBmuUrRzXpB4cGKuVy	traveler	2026-02-19 13:16:21.831864
68	Rahul Iyengar	rahul.iyengar8454@example.com	$2b$10$BfoAX.nlDTcWDaMzG6.yHOc9UbRH6K5Q9aNXBmuUrRzXpB4cGKuVy	traveler	2026-02-19 13:16:21.832329
69	Priya Krishnan	priya.krishnan6188@example.com	$2b$10$BfoAX.nlDTcWDaMzG6.yHOc9UbRH6K5Q9aNXBmuUrRzXpB4cGKuVy	traveler	2026-02-19 13:16:21.832955
70	Senthil Chandrasekaran	senthil.chandrasekaran6084@example.com	$2b$10$BfoAX.nlDTcWDaMzG6.yHOc9UbRH6K5Q9aNXBmuUrRzXpB4cGKuVy	traveler	2026-02-19 13:16:21.833672
71	Priya Raman	priya.raman7924@example.com	$2b$10$BfoAX.nlDTcWDaMzG6.yHOc9UbRH6K5Q9aNXBmuUrRzXpB4cGKuVy	traveler	2026-02-19 13:16:21.834527
72	Malathi Sundar	malathi.sundar5512@example.com	$2b$10$BfoAX.nlDTcWDaMzG6.yHOc9UbRH6K5Q9aNXBmuUrRzXpB4cGKuVy	traveler	2026-02-19 13:16:21.835167
73	Vikram Venkatesan	vikram.venkatesan3790@example.com	$2b$10$BfoAX.nlDTcWDaMzG6.yHOc9UbRH6K5Q9aNXBmuUrRzXpB4cGKuVy	traveler	2026-02-19 13:16:21.835701
74	Vikram Subramanian	vikram.subramanian6651@example.com	$2b$10$BfoAX.nlDTcWDaMzG6.yHOc9UbRH6K5Q9aNXBmuUrRzXpB4cGKuVy	traveler	2026-02-19 13:16:21.836221
75	Karthik Chandrasekaran	karthik.chandrasekaran909@example.com	$2b$10$BfoAX.nlDTcWDaMzG6.yHOc9UbRH6K5Q9aNXBmuUrRzXpB4cGKuVy	traveler	2026-02-19 13:16:21.83674
76	Padma Iyengar	padma.iyengar3672@example.com	$2b$10$BfoAX.nlDTcWDaMzG6.yHOc9UbRH6K5Q9aNXBmuUrRzXpB4cGKuVy	traveler	2026-02-19 13:16:21.83721
77	Senthil Rajan	senthil.rajan632@example.com	$2b$10$BfoAX.nlDTcWDaMzG6.yHOc9UbRH6K5Q9aNXBmuUrRzXpB4cGKuVy	traveler	2026-02-19 13:16:21.837664
78	Ramesh Venkatesan	ramesh.venkatesan6769@example.com	$2b$10$BfoAX.nlDTcWDaMzG6.yHOc9UbRH6K5Q9aNXBmuUrRzXpB4cGKuVy	traveler	2026-02-19 13:16:21.838134
79	Arjun Kumar	arjun.kumar6603@example.com	$2b$10$BfoAX.nlDTcWDaMzG6.yHOc9UbRH6K5Q9aNXBmuUrRzXpB4cGKuVy	traveler	2026-02-19 13:16:21.838584
80	Venkatesh Rao	venkatesh.rao8207@example.com	$2b$10$BfoAX.nlDTcWDaMzG6.yHOc9UbRH6K5Q9aNXBmuUrRzXpB4cGKuVy	traveler	2026-02-19 13:16:21.839042
81	Meera Venkatesan	meera.venkatesan3534@example.com	$2b$10$BfoAX.nlDTcWDaMzG6.yHOc9UbRH6K5Q9aNXBmuUrRzXpB4cGKuVy	traveler	2026-02-19 13:16:21.83953
82	Meera Srinivasan	meera.srinivasan829@example.com	$2b$10$BfoAX.nlDTcWDaMzG6.yHOc9UbRH6K5Q9aNXBmuUrRzXpB4cGKuVy	traveler	2026-02-19 13:16:21.840021
83	Saranya Balaji	saranya.balaji1455@example.com	$2b$10$BfoAX.nlDTcWDaMzG6.yHOc9UbRH6K5Q9aNXBmuUrRzXpB4cGKuVy	traveler	2026-02-19 13:16:21.840753
84	Sai Rao	sai.rao1996@example.com	$2b$10$BfoAX.nlDTcWDaMzG6.yHOc9UbRH6K5Q9aNXBmuUrRzXpB4cGKuVy	traveler	2026-02-19 13:16:21.841434
85	Kavitha Iyer	kavitha.iyer7578@example.com	$2b$10$BfoAX.nlDTcWDaMzG6.yHOc9UbRH6K5Q9aNXBmuUrRzXpB4cGKuVy	traveler	2026-02-19 13:16:21.84216
86	Venkatesh Iyer	venkatesh.iyer4708@example.com	$2b$10$BfoAX.nlDTcWDaMzG6.yHOc9UbRH6K5Q9aNXBmuUrRzXpB4cGKuVy	traveler	2026-02-19 13:16:21.842691
87	Meera Menon	meera.menon8769@example.com	$2b$10$BfoAX.nlDTcWDaMzG6.yHOc9UbRH6K5Q9aNXBmuUrRzXpB4cGKuVy	traveler	2026-02-19 13:16:21.843187
88	Mohan Nair	mohan.nair9609@example.com	$2b$10$BfoAX.nlDTcWDaMzG6.yHOc9UbRH6K5Q9aNXBmuUrRzXpB4cGKuVy	traveler	2026-02-19 13:16:21.843779
89	Kavitha Nair	kavitha.nair5059@example.com	$2b$10$BfoAX.nlDTcWDaMzG6.yHOc9UbRH6K5Q9aNXBmuUrRzXpB4cGKuVy	traveler	2026-02-19 13:16:21.844293
90	Aditya Sundar	aditya.sundar2386@example.com	$2b$10$BfoAX.nlDTcWDaMzG6.yHOc9UbRH6K5Q9aNXBmuUrRzXpB4cGKuVy	traveler	2026-02-19 13:16:21.844844
91	Saranya Raman	saranya.raman355@example.com	$2b$10$BfoAX.nlDTcWDaMzG6.yHOc9UbRH6K5Q9aNXBmuUrRzXpB4cGKuVy	traveler	2026-02-19 13:16:21.845417
92	Priya Pillai	priya.pillai225@example.com	$2b$10$BfoAX.nlDTcWDaMzG6.yHOc9UbRH6K5Q9aNXBmuUrRzXpB4cGKuVy	traveler	2026-02-19 13:16:21.846108
93	Revathi Raman	revathi.raman6491@example.com	$2b$10$BfoAX.nlDTcWDaMzG6.yHOc9UbRH6K5Q9aNXBmuUrRzXpB4cGKuVy	traveler	2026-02-19 13:16:21.846572
94	Kamala Venkatesan	kamala.venkatesan5103@example.com	$2b$10$BfoAX.nlDTcWDaMzG6.yHOc9UbRH6K5Q9aNXBmuUrRzXpB4cGKuVy	traveler	2026-02-19 13:16:21.847034
95	Geetha Chandrasekaran	geetha.chandrasekaran2681@example.com	$2b$10$BfoAX.nlDTcWDaMzG6.yHOc9UbRH6K5Q9aNXBmuUrRzXpB4cGKuVy	traveler	2026-02-19 13:16:21.847462
96	Ramesh Raman	ramesh.raman7219@example.com	$2b$10$BfoAX.nlDTcWDaMzG6.yHOc9UbRH6K5Q9aNXBmuUrRzXpB4cGKuVy	traveler	2026-02-19 13:16:21.847878
97	Ananya Kumar	ananya.kumar6044@example.com	$2b$10$BfoAX.nlDTcWDaMzG6.yHOc9UbRH6K5Q9aNXBmuUrRzXpB4cGKuVy	traveler	2026-02-19 13:16:21.848305
98	Sai Pillai	sai.pillai3546@example.com	$2b$10$BfoAX.nlDTcWDaMzG6.yHOc9UbRH6K5Q9aNXBmuUrRzXpB4cGKuVy	traveler	2026-02-19 13:16:21.848786
99	Meera Menon	meera.menon2229@example.com	$2b$10$BfoAX.nlDTcWDaMzG6.yHOc9UbRH6K5Q9aNXBmuUrRzXpB4cGKuVy	traveler	2026-02-19 13:16:21.849367
100	Karthik Kumar	karthik.kumar9398@example.com	$2b$10$BfoAX.nlDTcWDaMzG6.yHOc9UbRH6K5Q9aNXBmuUrRzXpB4cGKuVy	traveler	2026-02-19 13:16:21.849916
101	Karthik Raman	karthik.raman5769@example.com	$2b$10$BfoAX.nlDTcWDaMzG6.yHOc9UbRH6K5Q9aNXBmuUrRzXpB4cGKuVy	traveler	2026-02-19 13:16:21.850438
102	Rahul Balaji	rahul.balaji1009@example.com	$2b$10$BfoAX.nlDTcWDaMzG6.yHOc9UbRH6K5Q9aNXBmuUrRzXpB4cGKuVy	traveler	2026-02-19 13:16:21.850974
103	Ganesh Rao	ganesh.rao3199@example.com	$2b$10$BfoAX.nlDTcWDaMzG6.yHOc9UbRH6K5Q9aNXBmuUrRzXpB4cGKuVy	traveler	2026-02-19 13:16:21.851452
104	Malathi Nair	malathi.nair4423@example.com	$2b$10$BfoAX.nlDTcWDaMzG6.yHOc9UbRH6K5Q9aNXBmuUrRzXpB4cGKuVy	traveler	2026-02-19 13:16:21.852114
105	Ramesh Srinivasan	ramesh.srinivasan9943@example.com	$2b$10$BfoAX.nlDTcWDaMzG6.yHOc9UbRH6K5Q9aNXBmuUrRzXpB4cGKuVy	traveler	2026-02-19 13:16:21.852819
106	Revathi Menon	revathi.menon1638@example.com	$2b$10$BfoAX.nlDTcWDaMzG6.yHOc9UbRH6K5Q9aNXBmuUrRzXpB4cGKuVy	traveler	2026-02-19 13:16:21.854497
107	Revathi Ganesan	revathi.ganesan1290@example.com	$2b$10$BfoAX.nlDTcWDaMzG6.yHOc9UbRH6K5Q9aNXBmuUrRzXpB4cGKuVy	traveler	2026-02-19 13:16:21.855025
108	Malathi Raman	malathi.raman8801@example.com	$2b$10$BfoAX.nlDTcWDaMzG6.yHOc9UbRH6K5Q9aNXBmuUrRzXpB4cGKuVy	traveler	2026-02-19 13:16:21.855558
109	Ramesh Srinivasan	ramesh.srinivasan4674@example.com	$2b$10$BfoAX.nlDTcWDaMzG6.yHOc9UbRH6K5Q9aNXBmuUrRzXpB4cGKuVy	traveler	2026-02-19 13:16:21.856062
110	Rajesh Raman	rajesh.raman7231@example.com	$2b$10$BfoAX.nlDTcWDaMzG6.yHOc9UbRH6K5Q9aNXBmuUrRzXpB4cGKuVy	traveler	2026-02-19 13:16:21.856578
111	Vikram Nair	vikram.nair8568@example.com	$2b$10$BfoAX.nlDTcWDaMzG6.yHOc9UbRH6K5Q9aNXBmuUrRzXpB4cGKuVy	traveler	2026-02-19 13:16:21.857081
112	Saranya Raman	saranya.raman5170@example.com	$2b$10$BfoAX.nlDTcWDaMzG6.yHOc9UbRH6K5Q9aNXBmuUrRzXpB4cGKuVy	traveler	2026-02-19 13:16:21.857528
113	Sai Iyer	sai.iyer8820@example.com	$2b$10$BfoAX.nlDTcWDaMzG6.yHOc9UbRH6K5Q9aNXBmuUrRzXpB4cGKuVy	traveler	2026-02-19 13:16:21.857991
114	Karthik Menon	karthik.menon8250@example.com	$2b$10$BfoAX.nlDTcWDaMzG6.yHOc9UbRH6K5Q9aNXBmuUrRzXpB4cGKuVy	traveler	2026-02-19 13:16:21.858464
115	Suresh Murugan	suresh.murugan6186@example.com	$2b$10$BfoAX.nlDTcWDaMzG6.yHOc9UbRH6K5Q9aNXBmuUrRzXpB4cGKuVy	traveler	2026-02-19 13:16:21.858979
116	Deepika Rao	deepika.rao3212@example.com	$2b$10$BfoAX.nlDTcWDaMzG6.yHOc9UbRH6K5Q9aNXBmuUrRzXpB4cGKuVy	traveler	2026-02-19 13:16:21.859526
117	Geetha Srinivasan	geetha.srinivasan7693@example.com	$2b$10$BfoAX.nlDTcWDaMzG6.yHOc9UbRH6K5Q9aNXBmuUrRzXpB4cGKuVy	traveler	2026-02-19 13:16:21.86028
118	Surya Murugan	surya.murugan4402@example.com	$2b$10$BfoAX.nlDTcWDaMzG6.yHOc9UbRH6K5Q9aNXBmuUrRzXpB4cGKuVy	traveler	2026-02-19 13:16:21.860742
119	Aravind Natarajan	aravind.natarajan4516@example.com	$2b$10$BfoAX.nlDTcWDaMzG6.yHOc9UbRH6K5Q9aNXBmuUrRzXpB4cGKuVy	traveler	2026-02-19 13:16:21.8613
120	Surya Balaji	surya.balaji1447@example.com	$2b$10$BfoAX.nlDTcWDaMzG6.yHOc9UbRH6K5Q9aNXBmuUrRzXpB4cGKuVy	traveler	2026-02-19 13:16:21.861702
121	Ganesh Srinivasan	ganesh.srinivasan8618@example.com	$2b$10$BfoAX.nlDTcWDaMzG6.yHOc9UbRH6K5Q9aNXBmuUrRzXpB4cGKuVy	traveler	2026-02-19 13:16:21.862127
122	Padma Venkatesan	padma.venkatesan7673@example.com	$2b$10$BfoAX.nlDTcWDaMzG6.yHOc9UbRH6K5Q9aNXBmuUrRzXpB4cGKuVy	traveler	2026-02-19 13:16:21.862517
123	Ananya Iyer	ananya.iyer4997@example.com	$2b$10$BfoAX.nlDTcWDaMzG6.yHOc9UbRH6K5Q9aNXBmuUrRzXpB4cGKuVy	traveler	2026-02-19 13:16:21.862968
124	Padma Balaji	padma.balaji7921@example.com	$2b$10$BfoAX.nlDTcWDaMzG6.yHOc9UbRH6K5Q9aNXBmuUrRzXpB4cGKuVy	traveler	2026-02-19 13:16:21.863602
125	Sai Pillai	sai.pillai9396@example.com	$2b$10$BfoAX.nlDTcWDaMzG6.yHOc9UbRH6K5Q9aNXBmuUrRzXpB4cGKuVy	traveler	2026-02-19 13:16:21.864247
126	Arjun Subramanian	arjun.subramanian4437@example.com	$2b$10$BfoAX.nlDTcWDaMzG6.yHOc9UbRH6K5Q9aNXBmuUrRzXpB4cGKuVy	traveler	2026-02-19 13:16:21.864606
127	Geetha Sundar	geetha.sundar5849@example.com	$2b$10$BfoAX.nlDTcWDaMzG6.yHOc9UbRH6K5Q9aNXBmuUrRzXpB4cGKuVy	traveler	2026-02-19 13:16:21.864939
128	Priya Srinivasan	priya.srinivasan7465@example.com	$2b$10$BfoAX.nlDTcWDaMzG6.yHOc9UbRH6K5Q9aNXBmuUrRzXpB4cGKuVy	traveler	2026-02-19 13:16:21.865291
129	Surya Balaji	surya.balaji1516@example.com	$2b$10$BfoAX.nlDTcWDaMzG6.yHOc9UbRH6K5Q9aNXBmuUrRzXpB4cGKuVy	traveler	2026-02-19 13:16:21.865635
130	Ramesh Iyer	ramesh.iyer7131@example.com	$2b$10$BfoAX.nlDTcWDaMzG6.yHOc9UbRH6K5Q9aNXBmuUrRzXpB4cGKuVy	traveler	2026-02-19 13:16:21.865984
131	Rajesh Raman	rajesh.raman4549@example.com	$2b$10$BfoAX.nlDTcWDaMzG6.yHOc9UbRH6K5Q9aNXBmuUrRzXpB4cGKuVy	traveler	2026-02-19 13:16:21.866333
132	Meera Kumar	meera.kumar2958@example.com	$2b$10$BfoAX.nlDTcWDaMzG6.yHOc9UbRH6K5Q9aNXBmuUrRzXpB4cGKuVy	traveler	2026-02-19 13:16:21.866677
133	Karthik Rao	karthik.rao2940@example.com	$2b$10$BfoAX.nlDTcWDaMzG6.yHOc9UbRH6K5Q9aNXBmuUrRzXpB4cGKuVy	traveler	2026-02-19 13:16:21.867079
134	Karthik Sundar	karthik.sundar1549@example.com	$2b$10$BfoAX.nlDTcWDaMzG6.yHOc9UbRH6K5Q9aNXBmuUrRzXpB4cGKuVy	traveler	2026-02-19 13:16:21.867491
135	Saranya Kumar	saranya.kumar3829@example.com	$2b$10$BfoAX.nlDTcWDaMzG6.yHOc9UbRH6K5Q9aNXBmuUrRzXpB4cGKuVy	traveler	2026-02-19 13:16:21.867899
136	Senthil Rajan	senthil.rajan9537@example.com	$2b$10$BfoAX.nlDTcWDaMzG6.yHOc9UbRH6K5Q9aNXBmuUrRzXpB4cGKuVy	traveler	2026-02-19 13:16:21.868374
137	Kamala Subramanian	kamala.subramanian7511@example.com	$2b$10$BfoAX.nlDTcWDaMzG6.yHOc9UbRH6K5Q9aNXBmuUrRzXpB4cGKuVy	traveler	2026-02-19 13:16:21.868867
138	Lakshmi Sundar	lakshmi.sundar9212@example.com	$2b$10$BfoAX.nlDTcWDaMzG6.yHOc9UbRH6K5Q9aNXBmuUrRzXpB4cGKuVy	traveler	2026-02-19 13:16:21.86935
139	Lakshmi Iyengar	lakshmi.iyengar7596@example.com	$2b$10$BfoAX.nlDTcWDaMzG6.yHOc9UbRH6K5Q9aNXBmuUrRzXpB4cGKuVy	traveler	2026-02-19 13:16:21.869753
140	Kamala Kumar	kamala.kumar7206@example.com	$2b$10$BfoAX.nlDTcWDaMzG6.yHOc9UbRH6K5Q9aNXBmuUrRzXpB4cGKuVy	traveler	2026-02-19 13:16:21.87012
141	Ramesh Iyer	ramesh.iyer6024@example.com	$2b$10$BfoAX.nlDTcWDaMzG6.yHOc9UbRH6K5Q9aNXBmuUrRzXpB4cGKuVy	traveler	2026-02-19 13:16:21.870537
142	Venkatesh Ganesan	venkatesh.ganesan5830@example.com	$2b$10$BfoAX.nlDTcWDaMzG6.yHOc9UbRH6K5Q9aNXBmuUrRzXpB4cGKuVy	traveler	2026-02-19 13:16:21.870865
143	Padma Venkatesan	padma.venkatesan3432@example.com	$2b$10$BfoAX.nlDTcWDaMzG6.yHOc9UbRH6K5Q9aNXBmuUrRzXpB4cGKuVy	traveler	2026-02-19 13:16:21.87121
144	Senthil Murugan	senthil.murugan5512@example.com	$2b$10$BfoAX.nlDTcWDaMzG6.yHOc9UbRH6K5Q9aNXBmuUrRzXpB4cGKuVy	traveler	2026-02-19 13:16:21.871544
145	Ganesh Raman	ganesh.raman4970@example.com	$2b$10$BfoAX.nlDTcWDaMzG6.yHOc9UbRH6K5Q9aNXBmuUrRzXpB4cGKuVy	traveler	2026-02-19 13:16:21.871893
146	Surya Menon	surya.menon4980@example.com	$2b$10$BfoAX.nlDTcWDaMzG6.yHOc9UbRH6K5Q9aNXBmuUrRzXpB4cGKuVy	traveler	2026-02-19 13:16:21.872245
147	Ananya Ganesan	ananya.ganesan993@example.com	$2b$10$BfoAX.nlDTcWDaMzG6.yHOc9UbRH6K5Q9aNXBmuUrRzXpB4cGKuVy	traveler	2026-02-19 13:16:21.872585
148	Sneha Murugan	sneha.murugan4963@example.com	$2b$10$BfoAX.nlDTcWDaMzG6.yHOc9UbRH6K5Q9aNXBmuUrRzXpB4cGKuVy	traveler	2026-02-19 13:16:21.87288
149	Arjun Subramanian	arjun.subramanian9077@example.com	$2b$10$BfoAX.nlDTcWDaMzG6.yHOc9UbRH6K5Q9aNXBmuUrRzXpB4cGKuVy	traveler	2026-02-19 13:16:21.873161
150	Arjun Ganesan	arjun.ganesan2393@example.com	$2b$10$BfoAX.nlDTcWDaMzG6.yHOc9UbRH6K5Q9aNXBmuUrRzXpB4cGKuVy	traveler	2026-02-19 13:16:21.873451
151	Divya Venkatesan	divya.venkatesan9729@example.com	$2b$10$BfoAX.nlDTcWDaMzG6.yHOc9UbRH6K5Q9aNXBmuUrRzXpB4cGKuVy	traveler	2026-02-19 13:16:21.873731
152	Kamala Reddy	kamala.reddy5841@example.com	$2b$10$BfoAX.nlDTcWDaMzG6.yHOc9UbRH6K5Q9aNXBmuUrRzXpB4cGKuVy	traveler	2026-02-19 13:16:21.874017
153	Suresh Srinivasan	suresh.srinivasan2842@example.com	$2b$10$BfoAX.nlDTcWDaMzG6.yHOc9UbRH6K5Q9aNXBmuUrRzXpB4cGKuVy	traveler	2026-02-19 13:16:21.874287
154	Ananya Chandrasekaran	ananya.chandrasekaran2731@example.com	$2b$10$BfoAX.nlDTcWDaMzG6.yHOc9UbRH6K5Q9aNXBmuUrRzXpB4cGKuVy	traveler	2026-02-19 13:16:21.874553
155	Kamala Krishnan	kamala.krishnan3178@example.com	$2b$10$BfoAX.nlDTcWDaMzG6.yHOc9UbRH6K5Q9aNXBmuUrRzXpB4cGKuVy	traveler	2026-02-19 13:16:21.874822
156	Ramesh Ganesan	ramesh.ganesan5071@example.com	$2b$10$BfoAX.nlDTcWDaMzG6.yHOc9UbRH6K5Q9aNXBmuUrRzXpB4cGKuVy	traveler	2026-02-19 13:16:21.875129
157	Saranya Iyengar	saranya.iyengar2369@example.com	$2b$10$BfoAX.nlDTcWDaMzG6.yHOc9UbRH6K5Q9aNXBmuUrRzXpB4cGKuVy	traveler	2026-02-19 13:16:21.875443
158	Sai Nair	sai.nair1658@example.com	$2b$10$BfoAX.nlDTcWDaMzG6.yHOc9UbRH6K5Q9aNXBmuUrRzXpB4cGKuVy	traveler	2026-02-19 13:16:21.875716
159	Divya Sundar	divya.sundar6331@example.com	$2b$10$BfoAX.nlDTcWDaMzG6.yHOc9UbRH6K5Q9aNXBmuUrRzXpB4cGKuVy	traveler	2026-02-19 13:16:21.875976
160	Padma Pillai	padma.pillai1331@example.com	$2b$10$BfoAX.nlDTcWDaMzG6.yHOc9UbRH6K5Q9aNXBmuUrRzXpB4cGKuVy	traveler	2026-02-19 13:16:21.876224
164	Test Traveler	test_trav_$(date +%s)@example.com	$2b$10$UEmYm5Oxcf83Vg/IIrnDUebM6pakFXpWg3f5pqQOW1S1ndjodGz9.	traveler	2026-02-19 18:25:30.380548
\.


--
-- Name: alerts_id_seq; Type: SEQUENCE SET; Schema: public; Owner: suthikshaaghoram
--

SELECT pg_catalog.setval('public.alerts_id_seq', 1, true);


--
-- Name: crowd_data_id_seq; Type: SEQUENCE SET; Schema: public; Owner: suthikshaaghoram
--

SELECT pg_catalog.setval('public.crowd_data_id_seq', 486, true);


--
-- Name: destination_places_id_seq; Type: SEQUENCE SET; Schema: public; Owner: suthikshaaghoram
--

SELECT pg_catalog.setval('public.destination_places_id_seq', 40, true);


--
-- Name: place_crowd_slots_id_seq; Type: SEQUENCE SET; Schema: public; Owner: suthikshaaghoram
--

SELECT pg_catalog.setval('public.place_crowd_slots_id_seq', 514, true);


--
-- Name: resources_id_seq; Type: SEQUENCE SET; Schema: public; Owner: suthikshaaghoram
--

SELECT pg_catalog.setval('public.resources_id_seq', 1, false);


--
-- Name: trips_id_seq; Type: SEQUENCE SET; Schema: public; Owner: suthikshaaghoram
--

SELECT pg_catalog.setval('public.trips_id_seq', 356, true);


--
-- Name: users_id_seq; Type: SEQUENCE SET; Schema: public; Owner: suthikshaaghoram
--

SELECT pg_catalog.setval('public.users_id_seq', 164, true);


--
-- Name: alerts alerts_pkey; Type: CONSTRAINT; Schema: public; Owner: suthikshaaghoram
--

ALTER TABLE ONLY public.alerts
    ADD CONSTRAINT alerts_pkey PRIMARY KEY (id);


--
-- Name: crowd_data crowd_data_pkey; Type: CONSTRAINT; Schema: public; Owner: suthikshaaghoram
--

ALTER TABLE ONLY public.crowd_data
    ADD CONSTRAINT crowd_data_pkey PRIMARY KEY (id);


--
-- Name: destination_places destination_places_pkey; Type: CONSTRAINT; Schema: public; Owner: suthikshaaghoram
--

ALTER TABLE ONLY public.destination_places
    ADD CONSTRAINT destination_places_pkey PRIMARY KEY (id);


--
-- Name: place_crowd_slots place_crowd_slots_pkey; Type: CONSTRAINT; Schema: public; Owner: suthikshaaghoram
--

ALTER TABLE ONLY public.place_crowd_slots
    ADD CONSTRAINT place_crowd_slots_pkey PRIMARY KEY (id);


--
-- Name: resources resources_pkey; Type: CONSTRAINT; Schema: public; Owner: suthikshaaghoram
--

ALTER TABLE ONLY public.resources
    ADD CONSTRAINT resources_pkey PRIMARY KEY (id);


--
-- Name: trips trips_pkey; Type: CONSTRAINT; Schema: public; Owner: suthikshaaghoram
--

ALTER TABLE ONLY public.trips
    ADD CONSTRAINT trips_pkey PRIMARY KEY (id);


--
-- Name: crowd_data unique_place_date_slot; Type: CONSTRAINT; Schema: public; Owner: suthikshaaghoram
--

ALTER TABLE ONLY public.crowd_data
    ADD CONSTRAINT unique_place_date_slot UNIQUE (place_id, date, time_slot);


--
-- Name: users users_email_key; Type: CONSTRAINT; Schema: public; Owner: suthikshaaghoram
--

ALTER TABLE ONLY public.users
    ADD CONSTRAINT users_email_key UNIQUE (email);


--
-- Name: users users_pkey; Type: CONSTRAINT; Schema: public; Owner: suthikshaaghoram
--

ALTER TABLE ONLY public.users
    ADD CONSTRAINT users_pkey PRIMARY KEY (id);


--
-- Name: idx_destination_places_city; Type: INDEX; Schema: public; Owner: suthikshaaghoram
--

CREATE INDEX idx_destination_places_city ON public.destination_places USING btree (city);


--
-- Name: resources resources_provider_id_fkey; Type: FK CONSTRAINT; Schema: public; Owner: suthikshaaghoram
--

ALTER TABLE ONLY public.resources
    ADD CONSTRAINT resources_provider_id_fkey FOREIGN KEY (provider_id) REFERENCES public.users(id) ON DELETE CASCADE;


--
-- Name: trips trips_user_id_fkey; Type: FK CONSTRAINT; Schema: public; Owner: suthikshaaghoram
--

ALTER TABLE ONLY public.trips
    ADD CONSTRAINT trips_user_id_fkey FOREIGN KEY (user_id) REFERENCES public.users(id) ON DELETE CASCADE;


--
-- PostgreSQL database dump complete
--

\unrestrict WkIGktKnegDbITmXKDTCuxynQRC4b3vabSnvJzORCbPnPzYgWHBSmiq9Yhv6pZM

